,card_name,card_url,card_img
0,신한카드 Discount Plan,1232369_2207.html,https://www.shinhancard.com/pconts/images/contents/card/plate/cdCreditPODDR1s.png
1,신한카드 Discount Plan+,1232390_2207.html,https://www.shinhancard.com/pconts/images/contents/card/plate/cdCreditPOEDR2s.png
2,신한카드 Point Plan+,1228407_2207.html,https://www.shinhancard.com/pconts/images/contents/card/plate/cdCreditPOCDMGs.gif
3,신한카드 Point Plan,1226113_2207.html,https://www.shinhancard.com/pconts/images/contents/card/plate/cdCreditPOADHLs.gif
4,알리익스프레스 신한카드,1231466_2207.html,https://www.shinhancard.com/pconts/images/contents/card/plate/cdCreditBOADP9s.gif
5,신한카드 SOL트래블,1227751_2207.html,https://www.shinhancard.com/pconts/images/contents/card/plate/cdCreditBUCDKHs.gif
6,신한카드 처음 ANNIVERSE,1229296_2207.html,https://www.shinhancard.com/pconts/images/contents/card/plate/cdCreditBSCDNGs.gif
7,신한카드 처음,1227020_2207.html,https://www.shinhancard.com/pconts/images/contents/card/plate/cdCreditBSCDJKs.gif
8,신한카드 Point Plan(산리오캐릭터즈),1231784_2207.html,https://www.shinhancard.com/pconts/images/contents/card/plate/cdCreditPOADPQs.png
9,신한카드 The PET,1228839_2207.html,https://www.shinhancard.com/pconts/images/contents/card/plate/cdCreditBLCDMHs_1.png
10,신한카드 Edu Plan+,1228598_2207.html,https://www.shinhancard.com/pconts/images/contents/card/plate/cdCreditBDBDMAs.gif
11,신한카드 Biz Plan,1230483_2207.html,https://www.shinhancard.com/pconts/images/contents/card/plate/cdCreditBHCDO6s.png
12,신한카드 봄,1221135_2207.html,https://www.shinhancard.com/pconts/images/contents/card/plate/cdCreditAQDD6Ns.gif
13,신한카드 Globus,1221213_2207.html,https://www.shinhancard.com/pconts/images/contents/card/plate/cdCreditBUAD6Js.gif
14,신한카드 플리,1216829_2207.html,https://www.shinhancard.com/pconts/images/contents/card/plate/cdCreditPLACXPs.png
15,신한카드 플리(산리오캐릭터즈),1220329_2207.html,https://www.shinhancard.com/pconts/images/contents/card/plate/cdCreditPLAD43s.png
16,신한카드 핏(Fit),1218726_2207.html,https://www.shinhancard.com/pconts/images/contents/card/plate/cdCreditAXKD2Bs.png
17,신한카드 My TeenS(포차코),1224263_2207.html,https://www.shinhancard.com/pconts/images/contents/card/plate/cdCreditBSADDSs.png
18,신한카드 EVerywhere,1219683_2207.html,https://www.shinhancard.com/pconts/images/contents/card/plate/cdCreditBTDD41_1s.png
19,신한카드 Eats More(이츠모아),1215320_2207.html,https://www.shinhancard.com/pconts/images/contents/card/plate/cdCreditAOCCT6s.gif
20,신한카드 Unboxing,1198302_2207.html,https://www.shinhancard.com/pconts/images/contents/card/plate/cdCreditBCECA3s.png
21,신한카드 구독 좋아요,1220057_2207.html,https://www.shinhancard.com/pconts/images/contents/card/plate/cdCreditBNCD4Es.png
22,#Pay 신한카드,1211510_2207.html,https://www.shinhancard.com/pconts/images/contents/card/plate/cdCreditAXICQUs.png
23,신한카드 알뜰More(알뜰모아),1219175_2207.html,https://www.shinhancard.com/pconts/images/contents/card/plate/cdCreditBOAD16s.png
24,위버스 신한카드(BTS),1210863_2207.html,https://www.shinhancard.com/pconts/images/contents/card/plate/cdCreditBRACHYs.png
25,신한카드 Deep Oil,1188274_2207.html,https://www.shinhancard.com/pconts/images/contents/card/plate/cdCreditBIABE0s.gif
26,수소차 충전할인 신한카드,1216901_2207.html,https://www.shinhancard.com/pconts/images/contents/card/plate/cdCreditBTACX4s.png
27,티머니 Pay & GO 신한카드,1216792_2207.html,https://www.shinhancard.com/pconts/images/contents/card/plate/cdCreditCAIDBLs.png
28,신한카드 MY CAR,1197177_2207.html,https://www.shinhancard.com/pconts/images/contents/card/plate/cdCreditBPAC88s.png
29,신한카드 국민행복,1200235_2207.html,https://www.shinhancard.com/pconts/images/contents/card/plate/cdCreditCBSCEYs.png
30,IKEA for Business with 신한카드,1201015_2207.html,https://www.shinhancard.com/pconts/images/contents/card/plate/cdCreditBOACFXs.png
31,신한카드 YaY,1196674_2207.html,https://www.shinhancard.com/pconts/images/contents/card/plate/cdCreditAXGC75_VISAs.gif
32,신한카드 My TeenS,1210370_2207.html,https://www.shinhancard.com/pconts/images/contents/card/plate/cdCreditBSACIOs.png
33,신한카드 RPM+ Platinum#,1187945_2207.html,https://www.shinhancard.com/pconts/images/contents/card/plate/cdCreditAFLAWVs.png
34,신한카드 Air One,1187901_2207.html,https://www.shinhancard.com/pconts/images/contents/card/plate/cdCreditBFBBQ0_1s.png
35,신한카드 혼디모앙,1200745_2207.html,https://www.shinhancard.com/pconts/images/contents/card/plate/cdCreditBOACF4s.png
36,땡겨요 신한카드,1215112_2207.html,https://www.shinhancard.com/pconts/images/contents/card/plate/cdCreditBOBCT2s.png
37,신한카드 Deep Store,1188279_2207.html,https://www.shinhancard.com/pconts/images/contents/card/plate/cdCreaditBCBBLOs.png
38,신한카드 Deep Store(우리먹거리),1229261_2207.html,https://www.shinhancard.com/pconts/images/contents/card/plate/cdCreditBCBDNAs.png
39,신한카드 Deep Making,1188286_2207.html,https://www.shinhancard.com/pconts/images/contents/card/plate/cdCreaditBLABSJs.png
40,신한카드 Deep Taking,1188287_2207.html,https://www.shinhancard.com/pconts/images/contents/card/plate/cdCreaditBLBBSKs.png
41,신한카드 Deep On Platinum+,1188280_2207.html,https://www.shinhancard.com/pconts/images/contents/card/plate/cdCreaditAXDBMRs.png
42,신한카드 Deep Once,1192802_2207.html,https://www.shinhancard.com/pconts/images/contents/card/plate/cdCreaditBNAC46s.png
43,신한카드 Deep Once Plus,1192801_2207.html,https://www.shinhancard.com/pconts/images/contents/card/plate/cdCreaditBNBC47s.png
44,신한카드 YOLO ⓘ,1187924_2207.html,https://www.shinhancard.com/pconts/images/contents/card/plate/cdCreaditAYAAZFs.png
45,신한카드 B.Big(삑),1187938_2207.html,https://www.shinhancard.com/pconts/images/contents/card/plate/cdCreaditATAAMKs.png
46,신한카드 Mr.Life,1187937_2207.html,https://www.shinhancard.com/pconts/images/contents/card/plate/cdCreditAUAARHs.png
47,신한카드 Simple+,1188272_2207.html,https://www.shinhancard.com/pconts/images/contents/card/plate/cdCreditBA7AQ7s.gif
48,신한카드 Shopping,1187935_2207.html,https://www.shinhancard.com/pconts/images/contents/card/plate/cdCreaditBCAAZXs.png
49,신한 햇살론카드,1212999_2207.html,https://www.shinhancard.com/pconts/images/contents/card/plate/cdCreditBOACOHs.png
50,신한카드 Edu,1188281_2207.html,https://www.shinhancard.com/pconts/images/contents/card/plate/cdCreditBDAB6R_1s.png
51,신한카드 주거래 신용,1187942_2207.html,https://www.shinhancard.com/pconts/images/contents/card/plate/cdCreaditAWAAV8s.png
52,신한카드 Air Platinum#,1187946_2207.html,https://www.shinhancard.com/pconts/images/contents/card/plate/cdCreaditAFJAPTs.png
53,신한카드 Air Platinum#(더헤븐 리조트),1226729_2207.html,https://www.shinhancard.com/pconts/images/contents/card/plate/cdCreditAFJDKAs.png
54,신한카드 Lesson Platinum#,1188299_2207.html,https://www.shinhancard.com/pconts/images/contents/card/plate/cdCreaditBA69LHs.png
55,신한카드 Simple Platinum#,1188273_2207.html,https://www.shinhancard.com/pconts/images/contents/card/plate/cdCreditBA7A3Xs.gif
56,신한카드 Cube Platinum#,1188282_2207.html,https://www.shinhancard.com/pconts/images/contents/card/plate/cdCreaditAPB9YLs.png
57,신한카드 Love Platinum#,1188301_2207.html,https://www.shinhancard.com/pconts/images/contents/card/plate/cdCreaditBA69LGs.png
58,레일플러스 포인트 GS칼텍스 신한카드 Shine,1195455_2207.html,https://www.shinhancard.com/pconts/images/contents/card/plate/cdCreditBAEA7Fs.png
59,신한카드 Point Plan(서울시다둥이행복카드),1231471_2207.html,https://www.shinhancard.com/pconts/images/contents/card/plate/cdCreditPOADPNs.png
60,GS칼텍스 신한카드 Shine,1187941_2207.html,https://www.shinhancard.com/pconts/images/contents/card/plate/cdCreaditBAE07Hs.png
61,신한카드 후불하이패스+ (하이패스 전용),1188219_2207.html,https://www.shinhancard.com/pconts/images/contents/card/plate/cdCreaditCAEAXAs.png
62,신한카드 후불하이패스+(SIM형),1200755_2207.html,https://www.shinhancard.com/pconts/images/contents/card/plate/cdCreditCAEB1Zs.png
63,(배민커넥트) 신한카드 Deep Oil 카드,1217594_2207.html,https://www.shinhancard.com/pconts/images/contents/card/plate/cdCreditBIAD0Is.png
64,BC 부자되세요 홈쇼핑 신한카드,1188308_2207.html,https://www.shinhancard.com/pconts/images/contents/card/plate/cdCreaditZAKAUJ.png
65,신한카드 아름다운,1188300_2207.html,https://www.shinhancard.com/pconts/images/contents/card/plate/cdCreaditAJA00Js.png
66,E1 개인택시운송사업자 신한카드,1217024_2207.html,https://www.shinhancard.com/pconts/images/contents/card/plate/cdCreditCBDCXQs.png
67,신한카드 경차사랑 Life,1188377_2207.html,https://www.shinhancard.com/pconts/images/contents/card/plate/cdCreaditCBFBHBs.png
68,신한카드 Hi-Point MyShop,1188417_2207.html,https://www.shinhancard.com/pconts/images/contents/card/plate/cdCreaditAFI9U6s.png
69,신한카드 Hi-Point MyShop PLATINUM#,1188430_2207.html,https://www.shinhancard.com/pconts/images/contents/card/plate/cdCreaditAFIA7Ds.png
70,청년동행 신한카드 B.Big(삑),1188255_2207.html,https://www.shinhancard.com/pconts/images/contents/card/plate/cdCreaditATABN7s.png
71,큰수레 비즈니스 신한카드 Simple+,1188432_2207.html,https://www.shinhancard.com/pconts/images/contents/card/plate/cdCreaditBA7B6Ds.png
72,신한카드 집,1188410_2207.html,https://www.shinhancard.com/pconts/images/contents/card/plate/cdCreaditBE5BOXs.png
73,국세청 복지 GS칼텍스 신한카드 Shine,1188401_2207.html,https://www.shinhancard.com/pconts/images/contents/card/plate/cdCreaditBAEA5X_1s.png
74,국세청 복지 신한카드 Lady,1188403_2207.html,https://www.shinhancard.com/pconts/images/contents/card/plate/cdCreaditABAA5W_1s.png
75,공무원연금복지 GS칼텍스 신한카드 Shine,1188427_2207.html,https://www.shinhancard.com/pconts/images/contents/card/plate/cdCreaditBAEARC.png
76,공무원연금복지 SK에너지 신한카드 Oiling,1188440_2207.html,https://www.shinhancard.com/pconts/images/contents/card/plate/cdCreaditBADARD.png
77,장애인 통합복지 신한카드 2030,1188497_2207.html,https://www.shinhancard.com/pconts/images/contents/card/plate/cdCreditAAAA8Xs.png
78,장애인 통합복지 신한카드 Lady,1188496_2207.html,https://www.shinhancard.com/pconts/images/contents/card/plate/cdCreditABAA90s.png
79,대한간호협회 신한카드 RN,1224720_2207.html,https://www.shinhancard.com/pconts/images/contents/card/plate/cdCreditBOADDVs.png
80,대한치과위생사협회 신한카드 Lady,1195600_2207.html,https://www.shinhancard.com/pconts/images/contents/card/plate/cdCreditABA221s.png
81,대한치과위생사협회 GS칼텍스 신한카드 BigPlus,1197429_2207.html,https://www.shinhancard.com/pconts/images/contents/card/plate/cdCreditADC46Fs.png
82,신한 후불 기후동행 신용카드,1230340_2207.html,https://www.shinhancard.com/pconts/images/contents/card/plate/cdCreditBOADNTs.gif
83,K-패스 신한카드,1225543_2207.html,https://www.shinhancard.com/pconts/images/contents/card/plate/cdCreditBOADG4s.png
84,K-패스 신한카드(The 경기패스),1231008_2207.html,https://www.shinhancard.com/pconts/images/contents/card/plate/cdCreditCAJDP1s.png
85,K-패스 신한카드(경남패스),1230929_2207.html,https://www.shinhancard.com/pconts/images/contents/card/plate/cdCreditCAJDP7s.png
86,K-패스 신한카드(이응패스),1228480_2207.html,https://www.shinhancard.com/pconts/images/contents/card/plate/cdCreditCAJDMQs.png
87,S-OIL 55 화물복지 신한카드,1232445_2207.html,https://www.shinhancard.com/pconts/images/contents/card/plate/cdCreditCBADR6s.png
88,HD현대오일뱅크 55 화물복지 신한카드,1232454_2207.html,https://www.shinhancard.com/pconts/images/contents/card/plate/cdCreditCBADR5s.png
89,SK55 화물복지 신한카드,1223044_2207.html,https://www.shinhancard.com/pconts/images/contents/card/plate/cdCreditCBADBCs.png
90,화물운전자복지 신한카드,1188464_2207.html,https://www.shinhancard.com/pconts/images/contents/card/plate/cdCreaditCBA62I.jpg
91,SK에너지 2MORE 화물복지 신한카드,1188473_2207.html,https://www.shinhancard.com/pconts/images/contents/card/plate/cdCreaditCBABFCs.png
92,알뜰주유소 화물운전자복지 신한카드,1188475_2207.html,https://www.shinhancard.com/pconts/images/contents/card/plate/cdCreaditCBAARU.png
93,HD현대오일뱅크 2UP 화물운전자복지 신한카드,1188468_2207.html,https://www.shinhancard.com/pconts/images/contents/card/plate/cdCreditCBAB6Qs.png
94,S-OIL 2UP 화물운전자복지 신한카드,1188469_2207.html,https://www.shinhancard.com/pconts/images/contents/card/plate/cdCreaditCBAB6Ps.png
95,E1 LPG 화물복지 신한카드,1225906_2207.html,https://www.shinhancard.com/pconts/images/contents/card/plate/cdCreditCBADG3s.png
96,GS칼텍스 LPG 화물복지 신한카드,1225986_2207.html,https://www.shinhancard.com/pconts/images/contents/card/plate/cdCreditCBADG1s.png
97,S-OIL LPG 화물복지 신한카드,1226001_2207.html,https://www.shinhancard.com/pconts/images/contents/card/plate/cdCreditCBADG0s.png
98,HD현대오일뱅크 LPG 화물복지 신한카드,1225987_2207.html,https://www.shinhancard.com/pconts/images/contents/card/plate/cdCreditCBADG2s.png
99,SK LPG 화물복지 신한카드,1226002_2207.html,https://www.shinhancard.com/pconts/images/contents/card/plate/cdCreditCBADFZs.png
100,노란우산 신한카드,1188471_2207.html,https://www.shinhancard.com/pconts/images/contents/card/plate/cdCreditBEWBJ7s.png
101,개인택시운송자사업자 신한카드 T-플러스,1188470_2207.html,https://www.shinhancard.com/pconts/images/contents/card/plate/cdCreditCBDB2Ms.png
102,S.Sing 씽화물복지 신한카드,1188467_2207.html,https://www.shinhancard.com/pconts/images/contents/card/plate/cdCreditCBAAQVs.png
103,외식가족공제 신한카드 Hi-point MyShop,1188466_2207.html,https://www.shinhancard.com/pconts/images/contents/card/plate/cdCreaditAFIAAKs.png
104,교직원복지 신한카드 LOVE,1192499_2207.html,https://www.shinhancard.com/pconts/images/contents/card/plate/cdCreditAEA9KGs.png
105,한국수력원자력 임직원복지 신한카드 LOVE,1196950_2207.html,https://www.shinhancard.com/pconts/images/contents/card/plate/cdCreditAEAC81s.png
106,SK One+ 화물복지 신한카드,1197178_2207.html,https://www.shinhancard.com/pconts/images/contents/card/plate/cdCreditCBAC87s.png
107,부산가족사랑 GS칼텍스 신한카드 Shine,1188429_2207.html,https://www.shinhancard.com/pconts/images/contents/card/plate/cdCreditBAEA4Ns.png
108,119 소방사랑 GS칼텍스 신한카드 Big Plus,1217719_2207.html,https://www.shinhancard.com/pconts/images/contents/card/plate/cdCreditADA40Ks.png
