,event_subject,event_url,event_image,event_detail,event_code,created_at
0,알리익스프레스 최대 6만원 할인,https://card.kbcard.com/BON/DVIEW/HBBMCXCRVNEC0002?mainCC=a&eventNum=6856,https://img1.kbcard.com/ST/img/cxc/event/logo/240910_aliexpress_Bnr_b.png,"최대 6만원 할인, 행사기간, 2025.05.12 - 2025.05.23, 행사대상, KB국민카드 전회원(단, KB국민 체크,기업,비씨 및 선불카드 제외), 행사내용, 행사1 (5.12~18)ㅇ 100만원 이상 결제시 6만원 즉시할인ㅇ 50만원 이상 결제시 3만원 즉시할인행사2 (5.20~23)ㅇ 50만원 이상 결제시 3만원 즉시할인ㅇ 5만원 이상 결제시 3천원 즉시할인, 행사1 (5.12~18)ㅇ 100만원 이상 결제시 6만원 즉시할인ㅇ 50만원 이상 결제시 3만원 즉시할인, 행사1 (5.12~18)ㅇ 100만원 이상 결제시 6만원 즉시할인ㅇ 50만원 이상 결제시 3만원 즉시할인, 행사2 (5.20~23)ㅇ 50만원 이상 결제시 3만원 즉시할인ㅇ 5만원 이상 결제시 3천원 즉시할인, 행사2 (5.20~23)ㅇ 50만원 이상 결제시 3만원 즉시할인ㅇ 5만원 이상 결제시 3천원 즉시할인, 당사 및 제휴사 사정 및 예산소진 등의 사유로 행사는 조기종료 될 수 있음, K-Venue에서 지정된 상품구매에 한해 적용(행사 대상품목, 할인율, 할인한도는 상품별로 다르며, 변경될수 있음), 각 금액대별로 ID당 1회 사용 가능하며, 모든 혜택은 선착순임., 승인취소의 경우 할인혜택을 사용한 것으로 간주되며 별도 복구되지 않음., 문의처: 알리익스프레스 고객센터 (☎1533-6727), ㅇ계약 체결 전 상품설명서와 약관을 확인하시기 바랍니다., ※ 상환능력에 비해 신용카드 사용액이 과도할 경우, 귀하의 개인신용평점이 하락할 수 있습니다., ※ 개인신용평점 하락 시 금융거래 관련 불이익이 발생할 수 있습니다., ※ 일정기간 원리금 연체 시, 모든 원리금 변제 의무가 발생할 수 있습니다., ㅇ신용카드 발급이 부적정한 경우(개인신용평점 낮음, 연체금 보유 등) 카드발급이 제한될 수 있습니다., ㅇ카드이용대금과 이에 수반되는 모든 수수료를 지정된 대금 결제일에 상환합니다., ㅇ금융소비자는 해당상품 또는 서비스에 대하여 설명을 받을 권리가 있으며, 그 설명을 듣고 충분히 이해한 후 거래하시기 바랍니다., ※ 본 행사는 KB국민카드의 영업 정책 및 제휴 업체의 사정으로 사전 공지 없이 변경 또는 중단 될 수 있습니다., 250509-02330-HPM",6856,2025-05-22 15:02:26.354036
1,오늘의집 10% 할인,https://card.kbcard.com/BON/DVIEW/HBBMCXCRVNEC0002?mainCC=a&eventNum=6857,https://img1.kbcard.com/ST/img/cxc/event/logo/250509_onul_b.png,"10% 할인, 행사기간, 2025.05.12 - 2025.05.25, 행사대상, KB국민카드 전회원(단, KB국민 비씨 및 선불카드 제외), 행사내용, 다우닝 월간가구세일 10% 즉시할인 (상품당 최대 10만원)지누스 브랜드위크 10% 즉시할인 (상품당 최대 4만원), 다우닝 월간가구세일 10% 즉시할인 (상품당 최대 10만원), 다우닝 월간가구세일 10% 즉시할인 (상품당 최대 10만원), 지누스 브랜드위크 10% 즉시할인 (상품당 최대 4만원), 지누스 브랜드위크 10% 즉시할인 (상품당 최대 4만원), 당사 및 제휴사 사정 및 예산소진 등의 사유로 행사는 조기종료 될 수 있음, 행사 대상품목, 할인율, 할인한도는 상품별로 다르며, 변경될수 있음., 타사 간편결제(네이버페이, 카카오페이, 토스, 페이코 등)결제시 할인 제외, 문의처: 오늘의집 고객센터 (☎1670-0876), ㅇ계약 체결 전 상품설명서와 약관을 확인하시기 바랍니다., ※ 상환능력에 비해 신용카드 사용액이 과도할 경우, 귀하의 개인신용평점이 하락할 수 있습니다., ※ 개인신용평점 하락 시 금융거래 관련 불이익이 발생할 수 있습니다., ※ 일정기간 원리금 연체 시, 모든 원리금 변제 의무가 발생할 수 있습니다., ㅇ신용카드 발급이 부적정한 경우(개인신용평점 낮음, 연체금 보유 등) 카드발급이 제한될 수 있습니다., ㅇ카드이용대금과 이에 수반되는 모든 수수료를 지정된 대금 결제일에 상환합니다., ㅇ금융소비자는 해당상품 또는 서비스에 대하여 설명을 받을 권리가 있으며, 그 설명을 듣고 충분히 이해한 후 거래하시기 바랍니다., ※ 본 행사는 KB국민카드의 영업 정책 및 제휴 업체의 사정으로 사전 공지 없이 변경 또는 중단 될 수 있습니다., 250509-02330-HPM",6857,2025-05-22 15:02:26.761549
2,크림(KREAM) 최대 2.5만원 즉시할인,https://card.kbcard.com/BON/DVIEW/HBBMCXCRVNEC0002?mainCC=a&eventNum=6801,https://img1.kbcard.com/ST/img/cxc/event/logo/KREAM_logo_black(240px).png,"3% 즉시할인, 행사기간, 2025.05.19 - 2025.05.25, 행사대상, KB국민카드 전회원(KB국민 체크/가족/기업/비씨/선불카드 제외), 행사내용, 크림에서 KB국민 개인신용카드로 20만원 이상 결제 시 3% 즉시할인 (최대 2만5천원 할인)*- 기간 내 계정당 1회 한정- 할인쿠폰은 한정수량(선착순) 다운로드, 예산 소진 시 조기 종료 가능, 크림에서 KB국민 개인신용카드로 20만원 이상 결제 시 3% 즉시할인 (최대 2만5천원 할인)*- 기간 내 계정당 1회 한정- 할인쿠폰은 한정수량(선착순) 다운로드, 예산 소진 시 조기 종료 가능, 크림에서 KB국민 개인신용카드로 20만원 이상 결제 시 3% 즉시할인 (최대 2만5천원 할인), *- 기간 내 계정당 1회 한정- 할인쿠폰은 한정수량(선착순) 다운로드, 예산 소진 시 조기 종료 가능, 타사 간편결제(네이버페이, 카카오페이, 토스, 페이코 등) 결제 시 할인 제외, 전액취소 및 부분취소 건 할인 제외, 계약을 체결하기 전에 상품설명서와 약관을 확인하시기 바랍니다., ※상환능력에 비해 신용카드 사용액이 과도할 경우, 귀하의 개인신용평점이 하락할 수 있습니다., ※개인신용평점 하락시 금융거래와 관련된 불이익이 발생할 수 있습니다., ※일정기간 원리금을 연체할 경우, 모든 원리금을 변제할 의무가 발생할 수 있습니다., ※연체이자율(약정이율+최대 연3%)은 정상이자율(회원별,이용상품별)에 따라 차등적용되며, 법정최고금리(최대20%이내)를 초과하지 않습니다., 신용카드 발급이 부적정한 경우(개인신용평점 낮음, 연체금 보유 등) 카드발급이 제한될 수 있습니다., 카드이용대금과 이에 수반되는 모든 수수료를 지정된 대금 결제일에 상환합니다., 금융소비자는 금소법 제19조제1항에 따라 해당상품 또는 서비스에 대하여 설명을 받을 권리가 있으며, 그 설명을 듣고 내용을 충분히 이해한 후 거래하시기 바랍니다., 본 행사는 KB국민카드의 영업정책 및 제휴업체의 사정으로 변경 또는 중단될 수 있습니다., 문의처: KB국민카드 고객센터 ☎1588-1688, 준법감시인 심의필 250307-01054-HMH",6801,2025-05-22 15:02:27.118622
3,CJ온스타일 7％ 즉시할인,https://card.kbcard.com/BON/DVIEW/HBBMCXCRVNEC0002?mainCC=a&eventNum=6837,https://img1.kbcard.com/ST/img/cxc/event/logo/0427_cjonstyle_240x240.jpg,"7％ 즉시할인, 행사기간, 2025.05.12 - 2025.05.25, 행사대상, KB국민카드 전회원(단, KB국민 기업,비씨 및 선불카드 제외), 행사내용, - CJ온스타일 PC/모바일에서 KB국민카드로 건당 5만원 이상 결제시 7% 즉시할인*할인한도는 1인 1일 이용금액 400만원까지 적용, 가족카드 이용분은 본인회원에 합산, - CJ온스타일 PC/모바일에서 KB국민카드로 건당 5만원 이상 결제시 7% 즉시할인*할인한도는 1인 1일 이용금액 400만원까지 적용, 가족카드 이용분은 본인회원에 합산, - CJ온스타일 PC/모바일에서 KB국민카드로 건당 5만원 이상 결제시 7% 즉시할인, *할인한도는 1인 1일 이용금액 400만원까지 적용, 가족카드 이용분은 본인회원에 합산, 상품 페이지에 즉시할인 표기된 상품에 한하여 할인 적용, CJ제휴카드 할인혜택과 중복 적용 불가, KB Pay 외 간편결제(네이버페이, 카카오페이 등) 할인 불가, PC/모바일 결제 시에만 할인 적용, 상담원 또는 ARS 주문시에는 할인 적용 불가, *상환능력에 비해 신용카드 사용액이 과도할 경우, 귀하의 개인신용평점이 하락할 수 있습니다., *개인신용평점 하락시 금융거래와 관련된 불이익이 발생할 수 있습니다., *일정기간 원리금을 연체할 경우, 모든 원리금을 변제할 의무가 발생할 수 있습니다., 계약을 체결하기 전에 상품설명서와 약관을 확인하시기 바랍니다., 금융소비자는 금소법 제 19조 제 1항에 따라 해당상품 또는 서비스에 대하여 설명을 받을 권리가 있으며,그 설명을 듣고 내용을 충분히 이해한 후 거래하시기 바랍니다., 신용카드 발급이 부적정한 경우(개인신용평점 낮음, 연체금 보유 등) 카드발급이 제한될 수 있습니다., 카드이용대금과 이에 수반되는 모든 수수료를 지정된 대금 결제일에 상환합니다., 본 행사는 KB국민카드의 영업정책 및 제휴업체의 사정으로 변경 또는 중단될 수 있습니다., 문의 :  CJ온스타일 고객센터 ☎ 1644-2525 / KB국민카드 고객센터 ☎ 1588-1688, 준법감시인 심의필 250203-00416-HPM",6837,2025-05-22 15:02:27.455354
4,GS25 WADE X FRGMT 굿즈 구매시 할인,https://card.kbcard.com/BON/DVIEW/HBBMCXCRVNEC0002?mainCC=a&eventNum=6864,https://img1.kbcard.com/ST/img/cxc/event/logo/250502_GS25_b.png,"우리동네GS 어플 사전예약으로 콜라보상품 13종 구매시 할인, 행사기간, 2025.05.22 - 2025.05.28, 행사대상, KB국민카드 전회원(단, KB국민 기업,비씨 및 선불카드 제외), 행사내용, GS25 사전예약으로 WADE X FRAGMENT 콜라보 굿즈 13종 구매시 정액 즉시할인*행사대상 품목 및 할인금액은 우리동네GS 어플에서 반드시 확인- 개인신용/체크카드로 결제시 할인 적용- 행사대상 품목 및 할인금액은 일부 변경 가능- 예산 소진 시 조기 종료 가능, GS25 사전예약으로 WADE X FRAGMENT 콜라보 굿즈 13종 구매시 정액 즉시할인*행사대상 품목 및 할인금액은 우리동네GS 어플에서 반드시 확인- 개인신용/체크카드로 결제시 할인 적용- 행사대상 품목 및 할인금액은 일부 변경 가능- 예산 소진 시 조기 종료 가능, GS25 사전예약으로 WADE X FRAGMENT 콜라보 굿즈 13종 구매시 정액 즉시할인, *행사대상 품목 및 할인금액은 우리동네GS 어플에서 반드시 확인- 개인신용/체크카드로 결제시 할인 적용- 행사대상 품목 및 할인금액은 일부 변경 가능- 예산 소진 시 조기 종료 가능, 타사 간편결제(네이버페이, 카카오페이, 토스, 페이코 등) 결제 시 할인 제외, 계약을 체결하기 전에 상품설명서와 약관을 확인하시기 바랍니다., ※상환능력에 비해 신용카드 사용액이 과도할 경우, 귀하의 개인신용평점이 하락할 수 있습니다., ※개인신용평점 하락시 금융거래와 관련된 불이익이 발생할 수 있습니다., ※일정기간 원리금을 연체할 경우, 모든 원리금을 변제할 의무가 발생할 수 있습니다., ※연체이자율(약정이율+최대 연3%)은 정상이자율(회원별,이용상품별)에 따라 차등적용되며, 법정최고금리(최대20%이내)를 초과하지 않습니다., 신용카드 발급이 부적정한 경우(개인신용평점 낮음, 연체금 보유 등) 카드발급이 제한될 수 있습니다., 카드이용대금과 이에 수반되는 모든 수수료를 지정된 대금 결제일에 상환합니다., 금융소비자는 금소법 제19조제1항에 따라 해당상품 또는 서비스에 대하여 설명을 받을 권리가 있으며, 그 설명을 듣고 내용을 충분히 이해한 후 거래하시기 바랍니다., 본 행사는 KB국민카드의 영업정책 및 제휴업체의 사정으로 변경 또는 중단될 수 있습니다., 문의 : GS25 고객센터 (☎080-999-5425), 준법감시인 심의필 250307-01056-HMH",6864,2025-05-22 15:02:27.894447
5,홈플러스 즉시할인,https://card.kbcard.com/BON/DVIEW/HBBMCXCRVNEC0002?mainCC=a&eventNum=6863,https://img1.kbcard.com/ST/img/cxc/event/logo/230811_HomeMart_Bnr_b.png,"즉시할인, 행사기간, 2025.05.01 - 2025.05.28, 행사대상, KB국민카드 전회원(단, KB국민 비씨 및 선불카드 제외), 행사내용, KB국민카드로 행사품목 결제 시 즉시할인** 행사품목: 대형마트 과일, 정육, 가공식품, 쿨 이너웨어, 나들이 잡화 등, KB국민카드로 행사품목 결제 시 즉시할인** 행사품목: 대형마트 과일, 정육, 가공식품, 쿨 이너웨어, 나들이 잡화 등, KB국민카드로 행사품목 결제 시 즉시할인, ** 행사품목: 대형마트 과일, 정육, 가공식품, 쿨 이너웨어, 나들이 잡화 등, 세부 품목, 할인율, 행사기간 등은 점포별 다를 수 있으니 매장에서 확인해 주세요., 홈플러스 전점(오프라인)에서 진행되는 행사이며, 온라인몰은 제외됩니다., 본 행사는 KB국민카드의 영업정책 및 제휴사의 사정으로 변경 또는 중단될 수 있습니다., 문의: 홈플러스 고객센터 ☎ 1577-3355 / KB국민카드 고객센터 ☎ 1588-1688, 상환능력에 비해 신용카드 사용이 과도할 경우, 귀하의 개인신용평점이 하락할 수 있습니다., 개인신용평점 하락시 금융거래와 관련된 불이익이 발생할 수 있습니다., 일정기간 원리금을 연체할 경우, 모든 원리금을 변제할 의무가 발생할 수 있습니다., 계약을 체결하기 전에 상품설명서와 약관을 확인하시기 바랍니다., 금융소비자는 금소법 제 19조 제 1항에 따라 해당상품 또는 서비스에 대하여 설명을 받을 권리가 있으며, 그 설명을 듣고 내용을 충분히 이해한 후 거래하시기 바랍니다., 신용카드 발급이 부적정한 경우(개인싱용평점 낮음, 연체금 보유 등) 카드발급이 제한될 수 있습니다., 카드이용대금과 이에 수반되는 모든 수수료를 지정된 대금 결제일에 상환합니다., 준법감시인 심의필 250516-02437-HMH",6863,2025-05-22 15:02:28.236743
6,롯데마트 즉시할인,https://card.kbcard.com/BON/DVIEW/HBBMCXCRVNEC0002?mainCC=a&eventNum=6843,https://img1.kbcard.com/ST/img/cxc/event/logo/_shop_lottemart_b.png,"행사 대상 상품 즉시할인, 행사기간, 2025.05.08 - 2025.05.28, 행사대상, KB국민카드 전 회원(KB국민 비씨, 선불, PA카드 제외), 행사내용, 롯데마트에서 KB국민카드로 행사 대상 상품 결제 시 즉시할인* 행사 대상 상품- 신선식품 및 가공식품/비식품/주류 최대 30% 할인- 잘풀리는집 굿딜 3겹 화장지 60% 할인 등, 롯데마트에서 KB국민카드로 행사 대상 상품 결제 시 즉시할인* 행사 대상 상품- 신선식품 및 가공식품/비식품/주류 최대 30% 할인- 잘풀리는집 굿딜 3겹 화장지 60% 할인 등, 롯데마트에서 KB국민카드로 행사 대상 상품 결제 시 즉시할인* 행사 대상 상품- 신선식품 및 가공식품/비식품/주류 최대 30% 할인- 잘풀리는집 굿딜 3겹 화장지 60% 할인 등, 세부 할인품목, 할인율, 행사기간 등은 점포별 다를 수 있으니 매장에서 확인해주세요., 롯데마트 전점(오프라인)에서 진행되는 행사이며, 온라인몰은 제외됩니다., KB국민카드 및 제휴사의 사정으로 행사 내용 변경 또는 중단될 수 있습니다., PA카드는 카카오뱅크 카드, 전북은행 카드, KB증권 카드 등 이며, 자세한 사항은 KB국민카드 고객센터를 통해 문의하시기 바랍니다., 문의: 롯데마트 고객센터 ☎ 1899-3000 / KB국민카드 고객센터 ☎ 1588-1688, 상환능력에 비해 신용카드 사용이 과도할 경우, 귀하의 개인신용평점이 하락할 수 있습니다., 개인신용평점 하락시 금융거래와 관련된 불이익이 발생할 수 있습니다., 일정기간 원리금을 연체할 경우, 모든 원리금을 변제할 의무가 발생할 수 있습니다., 계약을 체결하기 전에 상품설명서와 약관을 확인하시기 바랍니다., 금융소비자는 금소법 제 19조 제 1항에 따라 해당상품 또는 서비스에 대하여 설명을 받을 권리가 있으며, 그 설명을 듣고 내용을 충분히 이해한 후 거래하시기 바랍니다., 신용카드 발급이 부적정한 경우(개인싱용평점 낮음, 연체금 보유 등) 카드발급이 제한될 수 있습니다., 카드이용대금과 이에 수반되는 모든 수수료를 지정된 대금 결제일에 상환합니다., 준법감시인 심의필 250509-02307-HMH",6843,2025-05-22 15:02:28.718493
7,컬리 15% 할인,https://card.kbcard.com/BON/DVIEW/HBBMCXCRVNEC0002?mainCC=a&eventNum=6842,https://img1.kbcard.com/ST/img/cxc/event/logo/240812_Kurly_Bnr_b.png,"15% 할인, 행사기간, 2025.05.19 - 2025.05.31, 행사대상, KB국민카드 전회원(단, KB국민 기업,비씨 및 선불카드 제외), 행사내용, 뷰티컬리 페스타(5.13~5.19) : 15%할인 (최소결제금액 2만원, 최대할인금액 2만원)10주년 BIRTH WEEK(5.19~5.31) : 15%할인 (최소결제금액 3만원, 최대할인금액 1만원), 뷰티컬리 페스타(5.13~5.19) : 15%할인 (최소결제금액 2만원, 최대할인금액 2만원)10주년 BIRTH WEEK(5.19~5.31) : 15%할인 (최소결제금액 3만원, 최대할인금액 1만원), 뷰티컬리 페스타(5.13~5.19) : 15%할인 (최소결제금액 2만원, 최대할인금액 2만원)10주년 BIRTH WEEK(5.19~5.31) : 15%할인 (최소결제금액 3만원, 최대할인금액 1만원), 실결제금액 기준으로 할인쿠폰이 발급되는 점에 유의바랍니다., ID당 할인쿠폰 1회 사용 가능하며 중복사용은 불가합니다., 예산 종료시 할인쿠폰 발급은 중단될 수 있습니다., 문의처: 컬리 고객센터 (☎1644-1107), KB국민카드 고객센터 (☎1588-1688), 본 행사는 KB국민카드의 영업정책 및 제휴업체의 사정으로 변경 또는 중단 될 수 있습니다., 계약을 체결하기 전에 상품설명서와 약관을 확인하시기 바랍니다. 
※상환능력에 비해 신용카드 사용액이 과도할 경우, 귀하의 개인신용평점이 하락할 수 있습니다. 
※개인신용평점 하락시 금융거래와 관련된 불이익이 발생할 수 있습니다. 
※일정기간 원리금을 연체할 경우, 모든 원리금을 변제할 의무가 발생할 수 있습니다. 
신용카드 발급이 부적정한 경우 (개인신용평점 낮음, 연체금 보유 등) 카드 발급이 제한될 수 있습니다. 
카드이용대금과 이에 수반되는 모든 수수료를 지정된 대금 결제일에 상환합니다, 금융소비자는 금소법 제 19조 1항에 따라 해당상품 또는 서비스에 대하여 설명을 받을 권리가 있으며, 
그 설명을 듣고 내용을 충분히 이해한 후 거래하시기 바랍니다., 250307-01057-HPM",6842,2025-05-22 15:02:29.235544
8,NS홈쇼핑 5％ 즉시할인,https://card.kbcard.com/BON/DVIEW/HBBMCXCRVNEC0002?mainCC=a&eventNum=6859,https://img1.kbcard.com/ST/img/cxc/event/logo/_shop_nshomeshop_b.png,"5％ 즉시할인, 행사기간, 2025.05.01 - 2025.05.31, 행사대상, KB국민카드 전회원(단, KB국민 기업,비씨 및 선불카드 제외), 행사내용, - NS홈쇼핑  PC/모바일에서 KB국민카드로 건당 5만원 이상 결제시 5% 즉시할인*할인한도는 1인 1일 이용금액 400만원까지 적용, 가족카드 이용분은 본인회원에 합산, - NS홈쇼핑  PC/모바일에서 KB국민카드로 건당 5만원 이상 결제시 5% 즉시할인*할인한도는 1인 1일 이용금액 400만원까지 적용, 가족카드 이용분은 본인회원에 합산, - NS홈쇼핑  PC/모바일에서 KB국민카드로 건당 5만원 이상 결제시 5% 즉시할인, *할인한도는 1인 1일 이용금액 400만원까지 적용, 가족카드 이용분은 본인회원에 합산, 상품 페이지에 즉시할인 표기된 상품에 한하여 할인 적용, KB Pay 외 간편결제(네이버페이, 카카오페이 등) 할인 불가, PC/모바일 결제 시에만 할인 적용, 상담원 또는 ARS 주문시에는 할인 적용 불가, *상환능력에 비해 신용카드 사용액이 과도할 경우, 귀하의 개인신용평점이 하락할 수 있습니다., *개인신용평점 하락시 금융거래와 관련된 불이익이 발생할 수 있습니다., *일정기간 원리금을 연체할 경우, 모든 원리금을 변제할 의무가 발생할 수 있습니다., 계약을 체결하기 전에 상품설명서와 약관을 확인하시기 바랍니다., 금융소비자는 금소법 제 19조 제 1항에 따라 해당상품 또는 서비스에 대하여 설명을 받을 권리가 있으며,그 설명을 듣고 내용을 충분히 이해한 후 거래하시기 바랍니다., 신용카드 발급이 부적정한 경우(개인신용평점 낮음, 연체금 보유 등) 카드발급이 제한될 수 있습니다., 카드이용대금과 이에 수반되는 모든 수수료를 지정된 대금 결제일에 상환합니다., 본 행사는 KB국민카드의 영업정책 및 제휴업체의 사정으로 변경 또는 중단될 수 있습니다., 문의 :  NS홈쇼핑 고객센터 ☎ 1688-7700 / KB국민카드 고객센터 ☎ 1588-1688, 준법감시인 심의필 250203-00416-HPM",6859,2025-05-22 15:02:29.854636
9,AK플라자 6개월 무이자 할부,https://card.kbcard.com/BON/DVIEW/HBBMCXCRVNEC0002?mainCC=a&eventNum=6800,https://img1.kbcard.com/ST/img/cxc/event/logo/__shop_akplaza_b.png,"60만원이상 결제 시 6개월 무이자 할부, 행사기간, 2025.05.01 - 2025.05.31, 행사대상, KB국민카드 전회원(단, KB국민 체크,기업,비씨 및 선불카드 제외), 행사내용, AK플라자에서 건당 60만원 이상 결제 시 6개월 무이자 할부 (수원,분당,평택,원주점 한정)*기간 : 2025.5.1~5.31*※ 무이자할부 이용시 카드사 포인트 및 마일리지 적립 불가 및 일부 카드 상품별 전월이용실적 대상에서 제외KB국민 개인 신용카드로 백화점 업종 건당 5만원 이상 결제시 2~5개월 무이자할부 및 6/10개월 부분 무이자 할부※ 6개월 할부 결제시 4회차부터 할부수수료 면제 (1~3회차 할부 수수료 고객 부담)※ 10개월 할부 결제시 6회차부터 할부수수료 면제 (1~5회차 할부 수수료 고객 부담)*※ 무이자할부 이용시 카드사 포인트 및 마일리지 적립 불가 및 일부 카드 상품별 전월이용실적 대상에서 제외, AK플라자에서 건당 60만원 이상 결제 시 6개월 무이자 할부 (수원,분당,평택,원주점 한정)*기간 : 2025.5.1~5.31*※ 무이자할부 이용시 카드사 포인트 및 마일리지 적립 불가 및 일부 카드 상품별 전월이용실적 대상에서 제외, AK플라자에서 건당 60만원 이상 결제 시 6개월 무이자 할부 (수원,분당,평택,원주점 한정)*기간 : 2025.5.1~5.31, *※ 무이자할부 이용시 카드사 포인트 및 마일리지 적립 불가 및 일부 카드 상품별 전월이용실적 대상에서 제외, KB국민 개인 신용카드로 백화점 업종 건당 5만원 이상 결제시 2~5개월 무이자할부 및 6/10개월 부분 무이자 할부※ 6개월 할부 결제시 4회차부터 할부수수료 면제 (1~3회차 할부 수수료 고객 부담)※ 10개월 할부 결제시 6회차부터 할부수수료 면제 (1~5회차 할부 수수료 고객 부담)*※ 무이자할부 이용시 카드사 포인트 및 마일리지 적립 불가 및 일부 카드 상품별 전월이용실적 대상에서 제외, KB국민 개인 신용카드로 백화점 업종 건당 5만원 이상 결제시 2~5개월 무이자할부 및 6/10개월 부분 무이자 할부※ 6개월 할부 결제시 4회차부터 할부수수료 면제 (1~3회차 할부 수수료 고객 부담)※ 10개월 할부 결제시 6회차부터 할부수수료 면제 (1~5회차 할부 수수료 고객 부담), *※ 무이자할부 이용시 카드사 포인트 및 마일리지 적립 불가 및 일부 카드 상품별 전월이용실적 대상에서 제외, 타 할인 및 사은행사와 중복 적용 불가, 당일 영수증에 한해 합산 가능 (영수증 분할 및 구매 취소 시 합산불가, 점포별 합산불가)/영수증 제시 필수, 계약을 체결하기 전에 상품설명서와 약관을 확인하시기 바랍니다., ※ 상환능력에 비해 신용카드 사용액이 과도할 경우, 귀하의 개인신용평점이 하락할 수 있습니다., ※ 개인신용평점 하락시 금융거래와 관련된 불이익이 발생할 수 있습니다., ※ 일정기간 원리금을 연체할 경우, 모든 원리금을 변제할 의무가 발생할 수 있습니다., 신용카드 발급이 부적정한 경우(개인신용평점 낮음, 연체금 보유 등) 카드발급이 제한될 수 있습니다., 카드이용대금과 이에 수반되는 모든 수수료를 지정된 대금 결제일에 상환합니다., 금융소비자는 금소법 제19조제1항에 따라 해당상품 또는 서비스에 대하여 설명을 받을 권리가 있으며, 그 설명을 듣고 내용을 충분히 이해한 후 거래하시기 바랍니다., 본 행사는 KB국민카드의 영업정책 및 제휴업체의 사정으로 변경 또는 중단될 수 있습니다., 문의처: KB국민카드 고객센터 ☎1588-1688 / AK플라자 고객센터 ☎1661-1114, 준법감시인 심의필 240904-04485-HPM",6800,2025-05-22 15:02:30.349870
10,SAMSUNG.COM 7%/3% 청구할인,https://card.kbcard.com/BON/DVIEW/HBBMCXCRVNEC0002?mainCC=a&eventNum=6848,https://img1.kbcard.com/ST/img/cxc/event/logo/240426_samsung_Bnr_b.png,"7%/3% 청구할인, 행사기간, 2025.05.01 - 2025.05.31, 행사대상, KB국민카드 전회원(단, KB국민 체크,기업,비씨 및 선불카드 제외), 행사내용, 삼성닷컴에서 행사대상 제품  건당 50만원 이상 결제시 7%/3%청구할인 (최대 100만원 한도)* - 삼성전자 온라인몰에사 행사대상 제품 확인후 이용하기기바랍니다.무이자할부 혜택-  개인신용카드로 건당 5만원 이상 구매 시 2~5개월 무이자할부 혜택-  행사대상 제품 건당 100만원 이상 구매 시 12/24개월 무이자할부 혜택, 삼성닷컴에서 행사대상 제품  건당 50만원 이상 결제시 7%/3%청구할인 (최대 100만원 한도)* - 삼성전자 온라인몰에사 행사대상 제품 확인후 이용하기기바랍니다., 삼성닷컴에서 행사대상 제품  건당 50만원 이상 결제시 7%/3%청구할인 (최대 100만원 한도), * - 삼성전자 온라인몰에사 행사대상 제품 확인후 이용하기기바랍니다., 무이자할부 혜택-  개인신용카드로 건당 5만원 이상 구매 시 2~5개월 무이자할부 혜택-  행사대상 제품 건당 100만원 이상 구매 시 12/24개월 무이자할부 혜택, 무이자할부 혜택-  개인신용카드로 건당 5만원 이상 구매 시 2~5개월 무이자할부 혜택-  행사대상 제품 건당 100만원 이상 구매 시 12/24개월 무이자할부 혜택, 청구할인 한도는 삼섬닷컴, 삼성스토어몰, 제휴사몰, 갤럭시 팸퍼스 합산 월간 100만원임, 청구할인 대상 안내 표기되어 있는 상품에 한하여 할인 적용, 기존 결제한 카드 취소 후 재결제 시 다음 날 이후 취소완료(1~3일정도 소요) 확인 후 재결제하여야 할인이 적용됩니다., 청구할인 제외 상품과 함께 결제 시 할인혜택 적용 불가, 계약을 체결하기 전에 상품설명서와 약관을 확인하시기 바랍니다., 상환능력에 비해 신용카드 사용액이 과도할 경우, 귀하의 개인신용평점이 하락할 수 있습니다., 개인신용평점 하락시 금융거래와 관련된 불이익이 발생할 수 있습니다., 일정기간 원리금을 연체할 경우, 모든 원리금을 변제할 의무가 발생할 수 있습니다., 연체이자율(약정이율+최대 연3%)은 정상이자율(회원별,이용상품별)에 따라 차등적용되며, 법정최고금리(최대20%이내)를 초과하지 않습니다., 신용카드 발급이 부적정한 경우(개인신용평점 낮음, 연체금 보유 등) 카드발급이 제한될 수 있습니다., 카드이용대금과 이에 수반되는 모든 수수료를 지정된 대금 결제일에 상환합니다., 금융소비자는 금소법 제19조제1항에 따라 해당상품 또는 서비스에 대하여 설명을 받을 권리가 있으며, 그 설명을 듣고 내용을 충분히 이해한 후 거래하시기 바랍니다., 본 행사는 KB국민카드의 영업정책 및 제휴업체의 사정으로 변경 또는 중단될 수 있습니다, 문의처: 삼성전자 고객센터(☎ 1588-6084, KB국민카드 고객센터 ☎1588-1688, 준법감시인 심의필 250508-02303-HPM",6848,2025-05-22 15:02:30.778164
11,LGE.COM 7%청구할인,https://card.kbcard.com/BON/DVIEW/HBBMCXCRVNEC0002?mainCC=a&eventNum=6847,https://img1.kbcard.com/ST/img/cxc/event/logo/240426_lg_Bnr_b.png,"7%청구할인, 행사기간, 2025.05.01 - 2025.05.31, 행사대상, KB국민카드 전회원(단, KB국민 체크,기업,비씨 및 선불카드 제외), 행사내용, LGE.COM에서 KB국민카드로 건당 50만원 이상 결제시 특정품목 7% 청구할인 (최대 할인한도 100만원)*  LG전자 온라인 몰에서 행사대상 제품 확인 후 이용하시기 바랍니다.무이자할부 혜택- 개인신용카드로 건당 5만원 이상 구매 시 2~5개월 무이자할부 혜택-  건당 100만원 이상 구매 시 12개월 무이자할부 혜택*- 무이자할부 이용 시 포인트 및 마일리지 적립 불가, 일부 카드 전월 이용실적 대상에서 제외, LGE.COM에서 KB국민카드로 건당 50만원 이상 결제시 특정품목 7% 청구할인 (최대 할인한도 100만원)*  LG전자 온라인 몰에서 행사대상 제품 확인 후 이용하시기 바랍니다., LGE.COM에서 KB국민카드로 건당 50만원 이상 결제시 특정품목 7% 청구할인 (최대 할인한도 100만원), *  LG전자 온라인 몰에서 행사대상 제품 확인 후 이용하시기 바랍니다., 무이자할부 혜택- 개인신용카드로 건당 5만원 이상 구매 시 2~5개월 무이자할부 혜택-  건당 100만원 이상 구매 시 12개월 무이자할부 혜택*- 무이자할부 이용 시 포인트 및 마일리지 적립 불가, 일부 카드 전월 이용실적 대상에서 제외, 무이자할부 혜택- 개인신용카드로 건당 5만원 이상 구매 시 2~5개월 무이자할부 혜택-  건당 100만원 이상 구매 시 12개월 무이자할부 혜택, *- 무이자할부 이용 시 포인트 및 마일리지 적립 불가, 일부 카드 전월 이용실적 대상에서 제외, 청구할인 대상 안내 표시가 되어 있는 상품에 한하여 할인 적용, 청구할인 한도는 1인 월간 100만원까지이며(이용금액기준  14,285,715원까지 할인), 쿠폰, 포인트 등 적용한 후 최종 결제금액이 50만원 이상인 경우 할인이 적용됩니다., 간편결제(네이버페이, 카카오페이,토스페이,페이코 등) 이용시에는 할인이 적용되지 않습니다., 기존 결제한 카드 취소 후 재결제 시 다음 날 이후 취소완료(1~3일정도 소요) 확인 후 재결제하여야 할인이 적용됩니다., 계약을 체결하기 전에 상품설명서와 약관을 확인하시기 바랍니다., 상환능력에 비해 신용카드 사용액이 과도할 경우, 귀하의 개인신용평점이 하락할 수 있습니다., 개인신용평점 하락시 금융거래와 관련된 불이익이 발생할 수 있습니다., 일정기간 원리금을 연체할 경우, 모든 원리금을 변제할 의무가 발생할 수 있습니다., 연체이자율(약정이율+최대 연3%)은 정상이자율(회원별,이용상품별)에 따라 차등적용되며, 법정최고금리(최대20%이내)를 초과하지 않습니다., 신용카드 발급이 부적정한 경우(개인신용평점 낮음, 연체금 보유 등) 카드발급이 제한될 수 있습니다., 카드이용대금과 이에 수반되는 모든 수수료를 지정된 대금 결제일에 상환합니다., 금융소비자는 금소법 제19조제1항에 따라 해당상품 또는 서비스에 대하여 설명을 받을 권리가 있으며, 그 설명을 듣고 내용을 충분히 이해한 후 거래하시기 바랍니다., 본 행사는 KB국민카드의 영업정책 및 제휴업체의 사정으로 변경 또는 중단될 수 있습니다, 문의처: LG전자 고객센터 (☎ 02-3777-1114), KB국민카드 고객센터 ☎1588-1688, 준법감시인 심의필 250508-02303-HPM",6847,2025-05-22 15:02:31.350488
12,W컨셉 KB Pay 4천원 즉시할인,https://card.kbcard.com/BON/DVIEW/HBBMCXCRVNEC0002?mainCC=a&eventNum=6833,https://img1.kbcard.com/ST/img/cxc/event/logo/_wconcept_b.jpg,"KB Pay 4천원 즉시할인, 행사기간, 2025.05.07 - 2025.05.31, 행사대상, KB국민카드 전회원(단, KB국민 기업,비씨 및 선불카드 제외), 행사내용, KB Pay로 14만원 이상 결제 시 4천원 즉시할인(5.7~5.18)5만원 이상 결제 시 12개월 고정금리할부 제공(5.7~5.31)*- 고객부담 할부수수료율 : 5%, KB Pay로 14만원 이상 결제 시 4천원 즉시할인(5.7~5.18), KB Pay로 14만원 이상 결제 시 4천원 즉시할인(5.7~5.18), 5만원 이상 결제 시 12개월 고정금리할부 제공(5.7~5.31)*- 고객부담 할부수수료율 : 5%, 5만원 이상 결제 시 12개월 고정금리할부 제공(5.7~5.31), *- 고객부담 할부수수료율 : 5%, KB Pay를 제외한 타 결제수단 이용시 즉시할인 적용 불가, 결제창에서 즉시할인 쿠폰을 선택해서 적용해야 혜택 제공, 즉시할인 대상 결제가 아니거나 쿠폰이 모두 소진되었을 경우, 결제창에서 쿠폰이 노출되지 않을 수 있음, 즉시할인 이벤트페이지 노출 여부와 상관없이 행사 예산 소진 시 조기종료 가능, 할인혜택 적용 후 취소 또는 환불로 최종 결제금액 미충족 시 할인혜택 취소, 할부 행사: 할부 개월수 변경 또는 일시불에서 할부 전환 시 할부 혜택 대상에서 제외 (행사 기준금액 미충족 시 혜택 불가), 계약 체결 전 상품설명서와 약관을 확인하시기 바랍니다., ※ 상환능력에 비해 신용카드 사용액이 과도할 경우, 귀하의 개인신용평점이 하락할 수 있습니다., ※ 개인신용평점 하락 시 금융거래 관련 불이익이 발생할 수 있습니다., ※ 일정기간 원리금을 연체할 경우, 모든 원리금을 변제할 의무가 발생할 수 있습니다., 신용카드 발급이 부적정한 경우(개인신용평점 낮음, 연체금 보유 등) 카드발급이 제한될 수 있습니다., 카드이용대금과 이에 수반되는 모든 수수료를 지정된 대금 결제일에 상환합니다., 금융소비자는 금소법 제19조 제1항에 따라 해당상품 또는 서비스에 대하여 설명을 받을 권리가 있으며, 그 설명을 듣고 내용을 충분히 이해한 후 거래하시기 바랍니다., 본 행사는 KB국민카드의 영업정책 및 제휴업체의 사정으로 변경 또는 중단될 수 있습니다., 문의처: KB국민카드 고객센터 ☎1588-1688 / W컨셉 고객센터 ☎1566-5027, 준법감시인 심의필 250314-01226-HPM",6833,2025-05-22 15:02:31.768378
13,무신사 KB Pay 최대 1.2만원 즉시할인,https://card.kbcard.com/BON/DVIEW/HBBMCXCRVNEC0002?mainCC=a&eventNum=6830,https://img1.kbcard.com/ST/img/cxc/event/logo/musinsa_b.png,"KB Pay 최대 1.2만원 즉시할인, 행사기간, 2025.05.01 - 2025.05.31, 행사대상, KB국민카드 전회원(단, KB국민 기업,비씨 및 선불카드 제외), 행사내용, KB Pay로 노세일 브랜드 상품 10만원 이상 결제 시 1.2만원 즉시할인(5.1~5.31)KB Pay로 여름 신상&신발장 상품 9만원 이상 결제 시 9천원 즉시할인(5.1~5.12)KB Pay로 전 상품 12만원 이상 결제 시 4천원 즉시할인(5.1~5.31), KB Pay로 노세일 브랜드 상품 10만원 이상 결제 시 1.2만원 즉시할인(5.1~5.31), KB Pay로 노세일 브랜드 상품 10만원 이상 결제 시 1.2만원 즉시할인(5.1~5.31), KB Pay로 여름 신상&신발장 상품 9만원 이상 결제 시 9천원 즉시할인(5.1~5.12), KB Pay로 여름 신상&신발장 상품 9만원 이상 결제 시 9천원 즉시할인(5.1~5.12), KB Pay로 전 상품 12만원 이상 결제 시 4천원 즉시할인(5.1~5.31), KB Pay로 전 상품 12만원 이상 결제 시 4천원 즉시할인(5.1~5.31), KB Pay 외 결제수단 이용시 할인 적용 제외, 혜택 제공 이전 KB국민카드 해지, 취소 및 정상 매입되지 않은 경우 혜택 제공에서 제외, 품절 등으로 인해 최종 결제 금액이 이용조건 금액 미만이 될 경우 즉시할인 제외, 전체 취소 후 행사 기간 내 재결제 시 즉시할인이 다시 적용됨, 부분 취소 후 최종 결제금액이 행사 기준금액을 충족하더라도 즉시할인 적용 불가, 적용 카테고리, 품목 행사 내용은 변경 또는 중단될 수 있으며, 자세한 사항은 무신사 채널에서 확인 가능, 즉시할인 이벤트페이지 노출여부와 상관없이 행사 예산 소진 시 조기종료 가능, 계약 체결 전 상품설명서와 약관을 확인하시기 바랍니다., ※ 상환능력에 비해 신용카드 사용액이 과도할 경우, 귀하의 개인신용평점이 하락할 수 있습니다., ※ 개인신용평점 하락 시 금융거래 관련 불이익이 발생할 수 있습니다., ※ 일정기간 원리금을 연체할 경우, 모든 원리금을 변제할 의무가 발생할 수 있습니다., 신용카드 발급이 부적정한 경우(개인신용평점 낮음, 연체금 보유 등) 카드발급이 제한될 수 있습니다., 카드이용대금과 이에 수반되는 모든 수수료를 지정된 대금 결제일에 상환합니다., 금융소비자는 금소법 제19조 제1항에 따라 해당 상품 또는 서비스에 대하여 설명을 받을 권리가 있으며, 그 설명을 듣고 내용을 충분히 이해한 후 거래하시기 바랍니다., 본 행사는 KB국민카드의 영업정책 및 제휴업체의 사정으로 변경 또는 중단될 수 있습니다., 문의처: 무신사 고객센터 ☎1544-7199, 준법감시인심의필 240624-03006-HPM",6830,2025-05-22 15:02:32.198134
14,모두투어 KB Pay결제 최대 5만원 혜택,https://card.kbcard.com/BON/DVIEW/HBBMCXCRVNEC0002?mainCC=a&eventNum=6798,https://img1.kbcard.com/ST/img/cxc/event/logo/__shop_modetour_b.png,"KB Pay결제 최대 5만원 혜택, 행사기간, 2025.05.01 - 2025.05.31, 행사대상, KB국민카드 전회원(단, KB국민 기업,비씨 및 선불카드 제외), 행사내용, [KB Pay 청구할인]- KB Pay로 해외 패키지/에어텔 상품 100/200만원 이상 결제 시 3/5만원 청구할인*- 회원별 1인 1회에 한해 제공(가족카드 포함)- 결제 당일 전체 취소(매입 전 취소) 후 재결제 시 청구할인 적용 가능하나, 익일 카드사 전표 매입 이후 취소(매입 후 취소) 및 재결제 희망 시 카드사의 취소 전표 매입 완료 이후 재결제 해야 적용 가능[무이자 할부]- KB국민카드로 해외 패키지/에어텔 상품 500만원 이상 결제 시 6개월 또는 12개월 무이자 할부*- 500만원 이상 할부 6/12개월만 해당되며, 할부 개월 수 변경 또는 일시불에서 할부전환 시 특별무이자할부 적용 불가- 무이자할부 이용 건은 기본포인트리(항공마일리지) 적립 제외, 각종 할인(적립)서비스 및 일부 카드 상품별 전월 이용실적 대상에서 제외- 본 행사는 당사 및 제휴 업체 사정으로 조기 중단 될 수 있음, [KB Pay 청구할인]- KB Pay로 해외 패키지/에어텔 상품 100/200만원 이상 결제 시 3/5만원 청구할인*- 회원별 1인 1회에 한해 제공(가족카드 포함)- 결제 당일 전체 취소(매입 전 취소) 후 재결제 시 청구할인 적용 가능하나, 익일 카드사 전표 매입 이후 취소(매입 후 취소) 및 재결제 희망 시 카드사의 취소 전표 매입 완료 이후 재결제 해야 적용 가능, [KB Pay 청구할인]- KB Pay로 해외 패키지/에어텔 상품 100/200만원 이상 결제 시 3/5만원 청구할인, *- 회원별 1인 1회에 한해 제공(가족카드 포함)- 결제 당일 전체 취소(매입 전 취소) 후 재결제 시 청구할인 적용 가능하나, 익일 카드사 전표 매입 이후 취소(매입 후 취소) 및 재결제 희망 시 카드사의 취소 전표 매입 완료 이후 재결제 해야 적용 가능, [무이자 할부]- KB국민카드로 해외 패키지/에어텔 상품 500만원 이상 결제 시 6개월 또는 12개월 무이자 할부*- 500만원 이상 할부 6/12개월만 해당되며, 할부 개월 수 변경 또는 일시불에서 할부전환 시 특별무이자할부 적용 불가- 무이자할부 이용 건은 기본포인트리(항공마일리지) 적립 제외, 각종 할인(적립)서비스 및 일부 카드 상품별 전월 이용실적 대상에서 제외- 본 행사는 당사 및 제휴 업체 사정으로 조기 중단 될 수 있음, [무이자 할부]- KB국민카드로 해외 패키지/에어텔 상품 500만원 이상 결제 시 6개월 또는 12개월 무이자 할부, *- 500만원 이상 할부 6/12개월만 해당되며, 할부 개월 수 변경 또는 일시불에서 할부전환 시 특별무이자할부 적용 불가- 무이자할부 이용 건은 기본포인트리(항공마일리지) 적립 제외, 각종 할인(적립)서비스 및 일부 카드 상품별 전월 이용실적 대상에서 제외- 본 행사는 당사 및 제휴 업체 사정으로 조기 중단 될 수 있음, 혜택1. KB Pay 외 타 간편결제(삼성페이/카카오페이/토스페이/페이코 등)를 통한 결제 시 혜택 제공 불가, 2025.5.1부터 신규 예약 고객에 한하여 제공[최초 예약일 기준], 계약 체결 전 상품설명서와 약관을 확인하시기 바랍니다, 상환능력에 비해 신용카드 사용액이 과도할 경우, 귀하의 개인신용평점이 하락할 수 있습니다., 개인신용평점 하락 시 금융거래 관련 불이익이 발생할 수 있습니다., 일정기간 원리금 연체 시, 모든 원리금 변제 의무가 발생할 수 있습니다., 신용카드 발급이 부적정한 경우(개인신용평점 낮음, 연체금 보유 등) 카드발급이 제한될 수 있습니다., 카드이용대금과 이에 수반되는 모든 수수료를 지정된 대금 결제일에 상환합니다., 금융소비자는 해당상품 또는 서비스에 대하여 설명을 받을 권리가 있으며, 그 설명을 듣고 충분히 이해한 후 거래하시기 바랍니다., 본 행사는 KB국민카드의 영업 정책 및 제휴 업체의 사정으로 사전 공지 없이 변경 또는 중단 될 수 있습니다., 준법감시인 심의필 240808-03918-HMH",6798,2025-05-22 15:02:32.656653
15,골프존 온라인몰 즉시할인,https://card.kbcard.com/BON/DVIEW/HBBMCXCRVNEC0002?mainCC=a&eventNum=6852,https://img1.kbcard.com/ST/img/cxc/event/logo/_shop_golping_b.png,"즉시할인, 행사기간, 2025.05.12 - 2025.05.31, 행사대상, KB국민카드 전회원(단, KB국민 체크,기업,비씨 및 선불카드 제외), 행사내용, 행사대상 품목 건당 10/20/30/40/50만원 이상 결제시 1/2/3/4/5만원 즉시할인개인신용카드로 건당 5만원 이상 구매 시 2~5개월 무이자할부 혜택** 무이자할부 이용 시 포인트 및 마일리지 적립 불가, 일부 카드 전월 이용실적 대상에서 제외, 행사대상 품목 건당 10/20/30/40/50만원 이상 결제시 1/2/3/4/5만원 즉시할인, 행사대상 품목 건당 10/20/30/40/50만원 이상 결제시 1/2/3/4/5만원 즉시할인, 개인신용카드로 건당 5만원 이상 구매 시 2~5개월 무이자할부 혜택** 무이자할부 이용 시 포인트 및 마일리지 적립 불가, 일부 카드 전월 이용실적 대상에서 제외, 개인신용카드로 건당 5만원 이상 구매 시 2~5개월 무이자할부 혜택, ** 무이자할부 이용 시 포인트 및 마일리지 적립 불가, 일부 카드 전월 이용실적 대상에서 제외, 즉시할인 대상 표기된 상품에 한하여 할인 적용, 간편결제(네이버페이,삼성페이, 카카오페이, 토스 등) 이용시 할인 제외, 계약을 체결하기 전에 상품설명서와 약관을 확인하시기 바랍니다., 상환능력에 비해 신용카드 사용액이 과도할 경우, 귀하의 개인신용평점이 하락할 수 있습니다, 개인신용평점 하락시 금융거래와 관련된 불이익이 발생할 수 있습니다., 일정기간 원리금을 연체할 경우, 모든 원리금을 변제할 의무가 발생할 수 있습니다., 연체이자율(약정이율+최대 연3%)은 정상이자율(회원별,이용상품별)에 따라 차등적용되며, 법정최고금리(최대20%이내)를 초과하지 않습니다., 신용카드 발급이 부적정한 경우(개인신용평점 낮음, 연체금 보유 등) 카드발급이 제한될 수 있습니다., 카드이용대금과 이에 수반되는 모든 수수료를 지정된 대금 결제일에 상환합니다., 금융소비자는 금소법 제19조제1항에 따라 해당상품 또는 서비스에 대하여 설명을 받을 권리가 있으며, 그 설명을 듣고 내용을 충분히 이해한 후 거래하시기 바랍니다., 본 행사는 KB국민카드의 영업정책 및 제휴업체의 사정으로 변경 또는 중단될 수 있습니다, 문의처: 골프존온라인몰 콜센터 1544-9963, KB국민카드 고객센터 ☎1588-1688, 준법감시인 심의필 250508-02303-HPM",6852,2025-05-22 15:02:33.222740
16,이마트 즉시할인 및 상품권 증정,https://card.kbcard.com/BON/DVIEW/HBBMCXCRVNEC0002?mainCC=a&eventNum=6862,https://img1.kbcard.com/ST/img/cxc/event/logo/_shop_emart_b.png,"즉시할인 및 상품권 증정, 행사기간, 2025.04.25 - 2025.05.31, 행사대상, KB국민카드 전회원(단, KB국민 비씨 및 선불카드 제외), 행사내용, KB국민카드로 행사대상 결제 시 즉시할인*행사대상: 인기품목(가전, 애플, 노트북/PC, 한우, 과일, 의류잡화, 완구 등)KB국민카드로 행사 상품 구매 시 최대 80만원 상품권 증정*행사상품: 가전, 대형/소형가전, 완구KB국민카드로 최대 24개월 무이자 할부 제공, KB국민카드로 행사대상 결제 시 즉시할인*행사대상: 인기품목(가전, 애플, 노트북/PC, 한우, 과일, 의류잡화, 완구 등), KB국민카드로 행사대상 결제 시 즉시할인*행사대상: 인기품목(가전, 애플, 노트북/PC, 한우, 과일, 의류잡화, 완구 등), KB국민카드로 행사 상품 구매 시 최대 80만원 상품권 증정*행사상품: 가전, 대형/소형가전, 완구, KB국민카드로 행사 상품 구매 시 최대 80만원 상품권 증정*행사상품: 가전, 대형/소형가전, 완구, KB국민카드로 최대 24개월 무이자 할부 제공, KB국민카드로 최대 24개월 무이자 할부 제공, 세부 품목, 할인율, 행사기간, 상품권 증정금액 및 무이자할부 개월수 등은 점포별 다를 수 있으니 매장에서 확인해주세요., 이마트 전점(오프라인)에서 진행되는 행사이며, 트레이더스 및 온라인 몰은 제외됩니다., 본 행사는 KB국민카드의 영업정책 및 제휴사의 사정으로 변경 또는 중단될 수 있습니다., 문의: 이마트 고객센터 ☎1577-3419 / KB국민카드 고객센터 ☎1588-1688, 상환능력에 비해 신용카드 사용액이 과도할 경우, 귀하의 개인신용평점이 하락할 수 있습니다., 개인신용평점 하락시 금융거래와 관련된 불이익이 발생할 수 있습니다., 일정기간 원리금을 연체할 경우, 모든 원리금을 변제할 의무가 발생할 수 있습니다., 계약을 체결하기 전에 상품설명서와 약관을 확인하시기 바랍니다., 금융소비자는 금소법 제 19조 제 1항에 따라 해당상품 또는 서비스에 대하여 설명을 받을 권리가 있으며, 그 설명을 듣고 내용을 충분히 이해한 후 거래하시기 바랍니다., 신용카드 발급이 부적정한 경우(개인싱용평점 낮음, 연체금 보유 등) 카드발급이 제한될 수 있습니다., 카드이용대금과 이에 수반되는 모든 수수료를 지정된 대금 결제일에 상환합니다., 준법감시인 심의필 250516-02437-HMH",6862,2025-05-22 15:02:33.630209
17,하이마트 온라인몰 최고 15% 즉시할인,https://card.kbcard.com/BON/DVIEW/HBBMCXCRVNEC0002?mainCC=a&eventNum=6851,https://img1.kbcard.com/ST/img/cxc/event/logo/_shop_himart_b.png,"최고 15% 즉시할인, 행사기간, 2025.05.01 - 2025.05.31, 행사대상, KB국민카드 전회원(단, KB국민 체크,기업,비씨 및 선불카드 제외), 행사내용, 하이마트온라인몰에서 KB국만카드 결제시 즉시할인- 행사품목 대상 1만원 이상 결제시 최대 15% 즉시할인 (주문당 최대 100만원까지 할인)개인신용카드로 건당 5만원 이상 구매 시 2~5개월 무이자할부 혜택,** 무이자할부 이용 시 포인트 및 마일리지 적립 불가, 일부 카드 전월 이용실적 대상에서 제외, 하이마트온라인몰에서 KB국만카드 결제시 즉시할인- 행사품목 대상 1만원 이상 결제시 최대 15% 즉시할인 (주문당 최대 100만원까지 할인), 하이마트온라인몰에서 KB국만카드 결제시 즉시할인- 행사품목 대상 1만원 이상 결제시 최대 15% 즉시할인 (주문당 최대 100만원까지 할인), 개인신용카드로 건당 5만원 이상 구매 시 2~5개월 무이자할부 혜택,** 무이자할부 이용 시 포인트 및 마일리지 적립 불가, 일부 카드 전월 이용실적 대상에서 제외, 개인신용카드로 건당 5만원 이상 구매 시 2~5개월 무이자할부 혜택,, ** 무이자할부 이용 시 포인트 및 마일리지 적립 불가, 일부 카드 전월 이용실적 대상에서 제외, 할인한도는 주문건당 최대 100만원, 상품페이지에 즉시할 대상 표기된 상품에 한하여 할인 적용, 간편결제(네이버페이/삼성페이/카카오페이/페이코/토스 등) 할인 제외, 계약을 체결하기 전에 상품설명서와 약관을 확인하시기 바랍니다., 상환능력에 비해 신용카드 사용액이 과도할 경우, 귀하의 개인신용평점이 하락할 수 있습니다, 개인신용평점 하락시 금융거래와 관련된 불이익이 발생할 수 있습니다., 일정기간 원리금을 연체할 경우, 모든 원리금을 변제할 의무가 발생할 수 있습니다., 연체이자율(약정이율+최대 연3%)은 정상이자율(회원별,이용상품별)에 따라 차등적용되며, 법정최고금리(최대20%이내)를 초과하지 않습니다., 신용카드 발급이 부적정한 경우(개인신용평점 낮음, 연체금 보유 등) 카드발급이 제한될 수 있습니다., 카드이용대금과 이에 수반되는 모든 수수료를 지정된 대금 결제일에 상환합니다., 금융소비자는 금소법 제19조제1항에 따라 해당상품 또는 서비스에 대하여 설명을 받을 권리가 있으며, 그 설명을 듣고 내용을 충분히 이해한 후 거래하시기 바랍니다., 본 행사는 KB국민카드의 영업정책 및 제휴업체의 사정으로 변경 또는 중단될 수 있습니다, 문의처: 하이마트 온라인몰 콜센터 1588-0070, KB국민카드 고객센터 ☎1588-1688, 준법감시인 심의필 250508-02303-HPM",6851,2025-05-22 15:02:33.977359
18,29CM 최대 1.2만원 즉시할인,https://card.kbcard.com/BON/DVIEW/HBBMCXCRVNEC0002?mainCC=a&eventNum=6831,https://img1.kbcard.com/ST/img/cxc/event/logo/29CM_logo_b.png,"최대 1.2만원 즉시할인, 행사기간, 2025.05.01 - 2025.05.31, 행사대상, KB국민카드 전회원(단, KB국민 기업,비씨 및 선불카드 제외), 행사내용, KB Pay로 써머 카운트다운 기획전 상품 12만원 이상 결제 시 1.2만원 즉시할인(5.8~5.17)KB Pay로 전 상품 9만원 이상 결제 시 2천원 즉시할인(5.8~5.31)KB Pay로 국내 인기 디자이너 기획전 상품 10만원 이상 결제 시 1.2만원 즉시할인(5.12~5.31)100만원 이상 결제 시 6/12개월 무이자할부 제공(5.1~5.31), KB Pay로 써머 카운트다운 기획전 상품 12만원 이상 결제 시 1.2만원 즉시할인(5.8~5.17), KB Pay로 써머 카운트다운 기획전 상품 12만원 이상 결제 시 1.2만원 즉시할인(5.8~5.17), KB Pay로 전 상품 9만원 이상 결제 시 2천원 즉시할인(5.8~5.31), KB Pay로 전 상품 9만원 이상 결제 시 2천원 즉시할인(5.8~5.31), KB Pay로 국내 인기 디자이너 기획전 상품 10만원 이상 결제 시 1.2만원 즉시할인(5.12~5.31), KB Pay로 국내 인기 디자이너 기획전 상품 10만원 이상 결제 시 1.2만원 즉시할인(5.12~5.31), 100만원 이상 결제 시 6/12개월 무이자할부 제공(5.1~5.31), 100만원 이상 결제 시 6/12개월 무이자할부 제공(5.1~5.31), KB Pay 외 결제 시 할인 적용 제외, 써머 카운트다운 기획전 및 국내 인기 디자이너 기획전 대상 상품의 경우 29CM 홈페이지/앱 참고, 결제창에서 즉시할인 쿠폰을 선택해서 적용해야 혜택 제공, 즉시할인 대상 결제가 아니거나 쿠폰이 모두 소진되었을 경우, 결제창에서 쿠폰이 노출되지 않을수 있음, 즉시할인 이벤트페이지 노출 여부와 상관없이 행사 예산 소진 시 조기종료 가능, 할인혜택 적용 후 취소 또는 환불로 최종 결제금액 미충족 시 할인혜택 취소, 할부 행사: 할부 개월수 변경 또는 일시불에서 할부 전환 시 할부 혜택 대상에서 제외 (행사 기준금액 미충족 시 혜택 불가), 계약 체결 전 상품설명서와 약관을 확인하시기 바랍니다., ※ 상환능력에 비해 신용카드 사용액이 과도할 경우, 귀하의 개인신용평점이 하락할 수 있습니다., ※ 개인신용평점 하락 시 금융거래 관련 불이익이 발생할 수 있습니다., ※ 일정기간 원리금을 연체할 경우, 모든 원리금을 변제할 의무가 발생할 수 있습니다., 신용카드 발급이 부적정한 경우(개인신용평점 낮음, 연체금 보유 등) 카드발급이 제한될 수 있습니다., 카드이용대금과 이에 수반되는 모든 수수료를 지정된 대금 결제일에 상환합니다., 금융소비자는 금소법 제19조 제1항에 따라 해당 상품 또는 서비스에 대하여 설명을 받을 권리가 있으며, 그 설명을 듣고 내용을 충분히 이해한 후 거래하시기 바랍니다., 본 행사는 KB국민카드의 영업정책 및 제휴업체의 사정으로 변경 또는 중단될 수 있습니다., 문의처: KB국민카드 고객센터 ☎1588-1688 / 29CM 고객센터 ☎1644-0560, 준법감시인심의필 240610-02682-HPM",6831,2025-05-22 15:02:34.583440
19,11번가 최대 15% 할인,https://card.kbcard.com/BON/DVIEW/HBBMCXCRVNEC0002?mainCC=a&eventNum=6854,https://img1.kbcard.com/ST/img/cxc/event/logo/_shop_11st_b.png,"최대 15% 할인, 행사기간, 2025.05.12 - 2025.05.31, 행사대상, KB국민카드 전회원(단, KB국민 비씨 및 선불카드 제외), 행사내용, 기획전(패션,뷰티,오늘장보기,여행 등)결제시 최대 15% 즉시할인 (최대20만원), 기획전(패션,뷰티,오늘장보기,여행 등)결제시 최대 15% 즉시할인 (최대20만원), 기획전(패션,뷰티,오늘장보기,여행 등)결제시 최대 15% 즉시할인 (최대20만원), 당사 및 제휴사 사정 및 예산소진 등의 사유로 행사는 조기종료 될 수 있음, 행사 대상품목, 할인율, 할인한도는 상품별로 다르며, 변경될수 있음., 기획전별 ID당 1일 1회 할인, 문의처: 11번가 고객센터 (☎1599-0110), ㅇ계약 체결 전 상품설명서와 약관을 확인하시기 바랍니다., ※ 상환능력에 비해 신용카드 사용액이 과도할 경우, 귀하의 개인신용평점이 하락할 수 있습니다., ※ 개인신용평점 하락 시 금융거래 관련 불이익이 발생할 수 있습니다., ※ 일정기간 원리금 연체 시, 모든 원리금 변제 의무가 발생할 수 있습니다., ㅇ신용카드 발급이 부적정한 경우(개인신용평점 낮음, 연체금 보유 등) 카드발급이 제한될 수 있습니다., ㅇ카드이용대금과 이에 수반되는 모든 수수료를 지정된 대금 결제일에 상환합니다., ㅇ금융소비자는 해당상품 또는 서비스에 대하여 설명을 받을 권리가 있으며, 그 설명을 듣고 충분히 이해한 후 거래하시기 바랍니다., ※ 본 행사는 KB국민카드의 영업 정책 및 제휴 업체의 사정으로 사전 공지 없이 변경 또는 중단 될 수 있습니다., 250509-02330-HPM",6854,2025-05-22 15:02:34.968755
20,트립닷컴 최대 2% 즉시할인,https://card.kbcard.com/BON/DVIEW/HBBMCXCRVNEC0002?mainCC=a&eventNum=6841,https://img1.kbcard.com/ST/img/cxc/event/logo/241111_Trip_b.png,"최대 2% 즉시할인, 행사기간, 2025.05.07 - 2025.05.31, 행사대상, KB국민카드 전회원(단, KB국민 기업,비씨 및 선불카드 제외), 행사내용, 트립닷컴 앱에서 항공/호텔 결제 시 최대 2% 즉시할인, 트립닷컴 앱에서 항공/호텔 결제 시 최대 2% 즉시할인, 트립닷컴 앱에서 항공/호텔 결제 시 최대 2% 즉시할인, 타 항공권 플랫폼 및 타 프로모션을 통하지 않고 트립닷컴 앱으로 직접 접속한 이용자 대상 할인 적용, KB Pay(앱카드) 혹은 수기로 카드번호 입력 후 결제 시 할인 적용, 내통장결제, KB Pay 외 타 간편결제 이용 시 할인 제외, 언어를 한국어로 설정한 원화(KRW) 결제 건에 한함, 당사 및 제휴사 사정 및 예산 소진 등의 사유로 행사는 조기 종료될 수 있음, 계약 체결 전 상품설명서와 약관을 확인하시기 바랍니다., ※ 상환능력에 비해 신용카드 사용액이 과도할 경우, 귀하의 개인신용평점이 하락할 수 있습니다., ※ 개인신용평점 하락 시 금융거래 관련 불이익이 발생할 수 있습니다., ※ 일정기간 원리금을 연체할 경우, 모든 원리금을 변제할 의무가 발생할 수 있습니다., 신용카드 발급이 부적정한 경우(개인신용평점 낮음, 연체금 보유 등) 카드발급이 제한될 수 있습니다., 카드이용대금과 이에 수반되는 모든 수수료를 지정된 대금 결제일에 상환합니다., 금융소비자는 금소법 제19조 제1항에 따라 해당 상품 또는 서비스에 대하여 설명을 받을 권리가 있으며, 그 설명을 듣고 내용을 충분히 이해한 후 거래하시기 바랍니다., 본 행사는 KB국민카드의 영업정책 및 제휴업체의 사정으로 변경 또는 중단될 수 있습니다., 문의처: 트립닷컴 고객센터 ☎1666-0060, 준법감시인 심의필 250214-00641-HPM",6841,2025-05-22 15:02:35.354362
21,쿠팡 최대 20% 할인,https://card.kbcard.com/BON/DVIEW/HBBMCXCRVNEC0002?mainCC=a&eventNum=6858,https://img1.kbcard.com/ST/img/cxc/event/logo/_shop_coupang_b.png,"최대 20% 할인, 행사기간, 2025.05.12 - 2025.05.31, 행사대상, KB국민카드 전회원(단, KB국민 비씨 및 선불카드 제외), 행사내용, 기획전별(계절가전, 제철수산물, 시즌과일, 육류 등)행사상품 최대 20% 즉시할인, 기획전별(계절가전, 제철수산물, 시즌과일, 육류 등)행사상품 최대 20% 즉시할인, 기획전별(계절가전, 제철수산물, 시즌과일, 육류 등)행사상품 최대 20% 즉시할인, 당사 및 제휴사 사정 및 예산소진 등의 사유로 행사는 조기종료 될 수 있음, 행사 대상품목, 할인율, 할인한도는 상품별로 다르며, 변경될수 있음., 행사별 ID당 1일 1회 할인 (행사별 1인당 최대할인한도 있음), 문의처: 쿠팡 고객센터 (☎1577-7011), ㅇ계약 체결 전 상품설명서와 약관을 확인하시기 바랍니다., ※ 상환능력에 비해 신용카드 사용액이 과도할 경우, 귀하의 개인신용평점이 하락할 수 있습니다., ※ 개인신용평점 하락 시 금융거래 관련 불이익이 발생할 수 있습니다., ※ 일정기간 원리금 연체 시, 모든 원리금 변제 의무가 발생할 수 있습니다., ㅇ신용카드 발급이 부적정한 경우(개인신용평점 낮음, 연체금 보유 등) 카드발급이 제한될 수 있습니다., ㅇ카드이용대금과 이에 수반되는 모든 수수료를 지정된 대금 결제일에 상환합니다., ㅇ금융소비자는 해당상품 또는 서비스에 대하여 설명을 받을 권리가 있으며, 그 설명을 듣고 충분히 이해한 후 거래하시기 바랍니다., ※ 본 행사는 KB국민카드의 영업 정책 및 제휴 업체의 사정으로 사전 공지 없이 변경 또는 중단 될 수 있습니다., 250509-02330-HPM",6858,2025-05-22 15:02:35.790777
22,LF몰 최대 3만원 즉시할인,https://card.kbcard.com/BON/DVIEW/HBBMCXCRVNEC0002?mainCC=a&eventNum=6832,https://img1.kbcard.com/ST/img/cxc/event/logo/_shop_lfmall_b.png,"최대 3만원 즉시할인, 행사기간, 2025.05.01 - 2025.05.31, 행사대상, KB국민카드 전회원(단, KB국민 기업,비씨 및 선불카드 제외), 행사내용, LF Pay로 10/20/30/50만원 이상 결제 시 0.3/0.6/0.9/1.5만원 즉시할인(5.1~5.12)LF Pay로 15/20/50만원 이상 결제 시 0.9/1.2/3만원 즉시할인(5.13~5.14)LF Pay로 10/20/30/50만원 이상 결제 시 0.3/0.6/0.9/1.5만원 즉시할인(5.15~5.31), LF Pay로 10/20/30/50만원 이상 결제 시 0.3/0.6/0.9/1.5만원 즉시할인(5.1~5.12), LF Pay로 10/20/30/50만원 이상 결제 시 0.3/0.6/0.9/1.5만원 즉시할인(5.1~5.12), LF Pay로 15/20/50만원 이상 결제 시 0.9/1.2/3만원 즉시할인(5.13~5.14), LF Pay로 15/20/50만원 이상 결제 시 0.9/1.2/3만원 즉시할인(5.13~5.14), LF Pay로 10/20/30/50만원 이상 결제 시 0.3/0.6/0.9/1.5만원 즉시할인(5.15~5.31), LF Pay로 10/20/30/50만원 이상 결제 시 0.3/0.6/0.9/1.5만원 즉시할인(5.15~5.31), LF Pay 외 타 결제수단 이용시 즉시할인 불가, 부분취소 후 최종매출금액이 적용받은 할인구간을 미충족하는 결제건은 즉시할인 불가, 계약을 체결하기 전에 상품설명서와 약관을 확인하시기 바랍니다., 상환능력에 비해 신용카드 사용액이 과도할 경우, 귀하의 개인신용평점이 하락할 수 있습니다., 개인신용평점 하락시 금융거래와 관련된 불이익이 발생할 수 있습니다., 일정기간 원리금을 연체할 경우, 모든 원리금을 변제할 의무가 발생할 수 있습니다., 신용카드 발급이 부적정한 경우(개인신용평점 낮음, 연체금 보유 등) 카드발급이 제한될 수 있습니다., 카드이용대금과 이에 수반되는 모든 수수료를 지정된 대금 결제일에 상환합니다., 금융소비자는 금소법 제19조 제1항에 따라 해당상품 또는 서비스에 대하여 설명을 받을 권리가 있으며, 그 설명을 듣고 내용을 충분히 이해한 후 거래하시기 바랍니다., 본 행사는 KB국민카드의 영업정책 및 제휴업체의 사정으로 변경 또는 중단될 수 있습니다., 문의처:  KB국민카드 고객센터 ☎1588-1688 / LF몰 고객센터 ☎1544-5114, 준법감시인심의필 240624-03014-HPM",6832,2025-05-22 15:02:36.259267
23,옥션 최대 7% 할인,https://card.kbcard.com/BON/DVIEW/HBBMCXCRVNEC0002?mainCC=a&eventNum=6853,https://img1.kbcard.com/ST/img/cxc/event/logo/_shop_auction_b.png,"최대 7% 할인, 행사기간, 2025.05.12 - 2025.05.31, 행사대상, KB국민카드 전회원(단, KB국민 비씨 및 선불카드 제외), 행사내용, 빅스마일데이 (5.12~13)ㅇ 1.5만원 이상 결제시 7% 즉시할인 (최대 3천원)ㅇ 7만원 이상 결제시 7% 즉시할인 (최대 7만원)장바구니 즉시할인 (5.14~31)ㅇ 1만원이상 결제시 3% 즉시할인 (최대 2만원), 빅스마일데이 (5.12~13)ㅇ 1.5만원 이상 결제시 7% 즉시할인 (최대 3천원)ㅇ 7만원 이상 결제시 7% 즉시할인 (최대 7만원), 빅스마일데이 (5.12~13)ㅇ 1.5만원 이상 결제시 7% 즉시할인 (최대 3천원)ㅇ 7만원 이상 결제시 7% 즉시할인 (최대 7만원), 장바구니 즉시할인 (5.14~31)ㅇ 1만원이상 결제시 3% 즉시할인 (최대 2만원), 장바구니 즉시할인 (5.14~31)ㅇ 1만원이상 결제시 3% 즉시할인 (최대 2만원), 당사 및 제휴사 사정 및 예산소진 등의 사유로 행사는 조기종료 될 수 있음, 행사 대상품목, 할인율, 할인한도는 상품별로 다르며, 변경될수 있음., ID당 일일 한도적용, 승인취소 및 행사기간 이후 재결제건 혜택 제공 제외, 문의처: 옥션 고객센터 (☎1588-0184), ㅇ계약 체결 전 상품설명서와 약관을 확인하시기 바랍니다., ※ 상환능력에 비해 신용카드 사용액이 과도할 경우, 귀하의 개인신용평점이 하락할 수 있습니다., ※ 개인신용평점 하락 시 금융거래 관련 불이익이 발생할 수 있습니다., ※ 일정기간 원리금 연체 시, 모든 원리금 변제 의무가 발생할 수 있습니다., ㅇ신용카드 발급이 부적정한 경우(개인신용평점 낮음, 연체금 보유 등) 카드발급이 제한될 수 있습니다., ㅇ카드이용대금과 이에 수반되는 모든 수수료를 지정된 대금 결제일에 상환합니다., ㅇ금융소비자는 해당상품 또는 서비스에 대하여 설명을 받을 권리가 있으며, 그 설명을 듣고 충분히 이해한 후 거래하시기 바랍니다., ※ 본 행사는 KB국민카드의 영업 정책 및 제휴 업체의 사정으로 사전 공지 없이 변경 또는 중단 될 수 있습니다., 250509-02330-HPM",6853,2025-05-22 15:02:36.635984
24,G마켓 최대 7% 할인,https://card.kbcard.com/BON/DVIEW/HBBMCXCRVNEC0002?mainCC=a&eventNum=6849,https://img1.kbcard.com/ST/img/cxc/event/logo/_shop_gmarket_b.png,"최대 7% 할인, 행사기간, 2025.05.12 - 2025.05.31, 행사대상, KB국민카드 전회원(단, KB국민 비씨 및 선불카드 제외), 행사내용, 빅스마일데이 (5.12~13)ㅇ 1.5만원 이상 결제시 7% 즉시할인 (최대 3천원)ㅇ 7만원 이상 결제시 7% 즉시할인 (최대 7만원)장바구니 즉시할인 (5.14~31)ㅇ 1만원이상 결제시 3% 즉시할인 (최대 2만원), 빅스마일데이 (5.12~13)ㅇ 1.5만원 이상 결제시 7% 즉시할인 (최대 3천원)ㅇ 7만원 이상 결제시 7% 즉시할인 (최대 7만원), 빅스마일데이 (5.12~13)ㅇ 1.5만원 이상 결제시 7% 즉시할인 (최대 3천원)ㅇ 7만원 이상 결제시 7% 즉시할인 (최대 7만원), 장바구니 즉시할인 (5.14~31)ㅇ 1만원이상 결제시 3% 즉시할인 (최대 2만원), 장바구니 즉시할인 (5.14~31)ㅇ 1만원이상 결제시 3% 즉시할인 (최대 2만원), 당사 및 제휴사 사정 및 예산소진 등의 사유로 행사는 조기종료 될 수 있음, 행사 대상품목, 할인율, 할인한도는 상품별로 다르며, 변경될수 있음., ID당 일일 한도적용, 승인취소 및 행사기간 이후 재결제건 혜택 제공 제외, 문의처: G마켓 고객센터 (☎1566-5701), ㅇ계약 체결 전 상품설명서와 약관을 확인하시기 바랍니다., ※ 상환능력에 비해 신용카드 사용액이 과도할 경우, 귀하의 개인신용평점이 하락할 수 있습니다., ※ 개인신용평점 하락 시 금융거래 관련 불이익이 발생할 수 있습니다., ※ 일정기간 원리금 연체 시, 모든 원리금 변제 의무가 발생할 수 있습니다., ㅇ신용카드 발급이 부적정한 경우(개인신용평점 낮음, 연체금 보유 등) 카드발급이 제한될 수 있습니다., ㅇ카드이용대금과 이에 수반되는 모든 수수료를 지정된 대금 결제일에 상환합니다., ㅇ금융소비자는 해당상품 또는 서비스에 대하여 설명을 받을 권리가 있으며, 그 설명을 듣고 충분히 이해한 후 거래하시기 바랍니다., ※ 본 행사는 KB국민카드의 영업 정책 및 제휴 업체의 사정으로 사전 공지 없이 변경 또는 중단 될 수 있습니다., 240509-02330-HPM",6849,2025-05-22 15:02:37.068025
25,하이마트 오프라인 매장 특정 품목 캐시백,https://card.kbcard.com/BON/DVIEW/HBBMCXCRVNEC0002?mainCC=a&eventNum=6845,https://img1.kbcard.com/ST/img/cxc/event/logo/_shop_himart_b.png,"캐시백, 행사기간, 2025.05.01 - 2025.05.31, 행사대상, KB국민카드 전회원(단, KB국민 체크,기업,비씨 및 선불카드 제외), 행사내용, 하이마트 오프라인 매장에서 300/500/700/1,000/1,200/1,500/2,000만원 이상 결제시15/25/35/50/60/75/100만원 캐시백*- 대상점 : 하이마트 오프라인 매장(단, 타 유통업체 입점매장 제외)- 행사대상 제품, 캐시백 지급 등 세부내용은 매장 방문 시 현장 확인 가능- 설치완료 및 승인일 익월말 캐시백 지급 예정- 문의처: KB국민카드 고객센터 ☎1588-1688 / 하이마트장기할부 결제 시 할부수수료 인하 혜택ㅇ 12개월 할부 결제 시 5% 고정금리 할부수수료 적용무이자할부 혜택ㅇ 개인신용카드로 건당 5만원 이상 구매 시 2~5개월 무이자할부 혜택* 무이자할부 이용 시 포인트 및 마일리지 적립 불가, 일부 카드 전월 이용실적 대상에서 제외, 하이마트 오프라인 매장에서 300/500/700/1,000/1,200/1,500/2,000만원 이상 결제시15/25/35/50/60/75/100만원 캐시백*- 대상점 : 하이마트 오프라인 매장(단, 타 유통업체 입점매장 제외)- 행사대상 제품, 캐시백 지급 등 세부내용은 매장 방문 시 현장 확인 가능- 설치완료 및 승인일 익월말 캐시백 지급 예정- 문의처: KB국민카드 고객센터 ☎1588-1688 / 하이마트, 하이마트 오프라인 매장에서 300/500/700/1,000/1,200/1,500/2,000만원 이상 결제시15/25/35/50/60/75/100만원 캐시백, *- 대상점 : 하이마트 오프라인 매장(단, 타 유통업체 입점매장 제외)- 행사대상 제품, 캐시백 지급 등 세부내용은 매장 방문 시 현장 확인 가능- 설치완료 및 승인일 익월말 캐시백 지급 예정- 문의처: KB국민카드 고객센터 ☎1588-1688 / 하이마트, 장기할부 결제 시 할부수수료 인하 혜택ㅇ 12개월 할부 결제 시 5% 고정금리 할부수수료 적용무이자할부 혜택ㅇ 개인신용카드로 건당 5만원 이상 구매 시 2~5개월 무이자할부 혜택* 무이자할부 이용 시 포인트 및 마일리지 적립 불가, 일부 카드 전월 이용실적 대상에서 제외, 장기할부 결제 시 할부수수료 인하 혜택ㅇ 12개월 할부 결제 시 5% 고정금리 할부수수료 적용무이자할부 혜택ㅇ 개인신용카드로 건당 5만원 이상 구매 시 2~5개월 무이자할부 혜택* 무이자할부 이용 시 포인트 및 마일리지 적립 불가, 일부 카드 전월 이용실적 대상에서 제외, 계약을 체결하기 전에 상품설명서와 약관을 확인하시기 바랍니다., 상환능력에 비해 신용카드 사용액이 과도할 경우, 귀하의 개인신용평점이 하락할 수 있습니다., 개인신용평점 하락시 금융거래와 관련된 불이익이 발생할 수 있습니다., 일정기간 원리금을 연체할 경우, 모든 원리금을 변제할 의무가 발생할 수 있습니다., 연체이자율(약정이율+최대 연3%)은 정상이자율(회원별,이용상품별)에 따라 차등적용되며, 법정최고금리(최대20%이내)를 초과하지 않습니다., 신용카드 발급이 부적정한 경우(개인신용평점 낮음, 연체금 보유 등) 카드발급이 제한될 수 있습니다., 카드이용대금과 이에 수반되는 모든 수수료를 지정된 대금 결제일에 상환합니다., ㅇ금융소비자는 금소법 제19조제1항에 따라 해당상품 또는 서비스에 대하여 설명을 받을 권리가 있으며, 그 설명을 듣고 내용을 충분히 이해한 후 거래하시기 바랍니다., 준법감시인 심의필 250508-02303-HPM",6845,2025-05-22 15:02:37.541210
26,LG전자베스트샵 특정품목 캐시백 행사,https://card.kbcard.com/BON/DVIEW/HBBMCXCRVNEC0002?mainCC=a&eventNum=6846,https://img1.kbcard.com/ST/img/cxc/event/logo/_240426_lg_Bnr_b.png,"캐시백, 행사기간, 2025.05.01 - 2025.05.31, 행사대상, KB국민카드 전회원(단, KB국민 체크,기업,비씨 및 선불카드 제외), 행사내용, LG전자 베스트샵(오프라인매장)에서 행사대상 품목 구매시- 행사기간중  400/500/700/1000만원 이상 이용 시 20/25/35/50만원 캐시백 지급ㅇ행사기간중 이용금액 합산 월 1회 지급ㅇ 대상점 : LG베스트샵,하이프라자 오프라인 매장(단, 타 유통업체 입점매장 제외)장기할부 결제 시 할부수수료 인하 혜택- 12개월 할부 결제 시 5% 고정금리 할부수수료 적용2~5개월 무이자 할부* - 무이자할부 이용 시 포인트 및 마일리지 적립 불가, 일부 카드 전월 이용실적 대상에서 제외, LG전자 베스트샵(오프라인매장)에서 행사대상 품목 구매시- 행사기간중  400/500/700/1000만원 이상 이용 시 20/25/35/50만원 캐시백 지급ㅇ행사기간중 이용금액 합산 월 1회 지급ㅇ 대상점 : LG베스트샵,하이프라자 오프라인 매장(단, 타 유통업체 입점매장 제외), LG전자 베스트샵(오프라인매장)에서 행사대상 품목 구매시- 행사기간중  400/500/700/1000만원 이상 이용 시 20/25/35/50만원 캐시백 지급ㅇ행사기간중 이용금액 합산 월 1회 지급ㅇ 대상점 : LG베스트샵,하이프라자 오프라인 매장(단, 타 유통업체 입점매장 제외), 장기할부 결제 시 할부수수료 인하 혜택- 12개월 할부 결제 시 5% 고정금리 할부수수료 적용2~5개월 무이자 할부* - 무이자할부 이용 시 포인트 및 마일리지 적립 불가, 일부 카드 전월 이용실적 대상에서 제외, 장기할부 결제 시 할부수수료 인하 혜택- 12개월 할부 결제 시 5% 고정금리 할부수수료 적용2~5개월 무이자 할부, * - 무이자할부 이용 시 포인트 및 마일리지 적립 불가, 일부 카드 전월 이용실적 대상에서 제외, 행사대상 제품, 캐시백 지급 등 세부내용은 매장 방문 시 현장 확인 가능, 설치완료 및 승인일 익월말 캐시백 지급 예정, 계약을 체결하기 전에 상품설명서와 약관을 확인하시기 바랍니다., 상환능력에 비해 신용카드 사용액이 과도할 경우, 귀하의 개인신용평점이 하락할 수 있습니다., 개인신용평점 하락시 금융거래와 관련된 불이익이 발생할 수 있습니다., 일정기간 원리금을 연체할 경우, 모든 원리금을 변제할 의무가 발생할 수 있습니다., 연체이자율(약정이율+최대 연3%)은 정상이자율(회원별,이용상품별)에 따라 차등적용되며, 법정최고금리(최대20%이내)를 초과하지 않습니다., 신용카드 발급이 부적정한 경우(개인신용평점 낮음, 연체금 보유 등) 카드발급이 제한될 수 있습니다., 카드이용대금과 이에 수반되는 모든 수수료를 지정된 대금 결제일에 상환합니다., 금융소비자는 금소법 제19조제1항에 따라 해당상품 또는 서비스에 대하여 설명을 받을 권리가 있으며, 그 설명을 듣고 내용을 충분히 이해한 후 거래하시기 바랍니다., 준법감시인 심의필 250508-02303-HPM",6846,2025-05-22 15:02:37.876445
27,마이리얼트립 마이리얼트립 항공,https://card.kbcard.com/BON/DVIEW/HBBMCXCRVNEC0002?mainCC=a&eventNum=6796,https://img1.kbcard.com/ST/img/cxc/event/logo/240812_myrealtrip_Bnr_b.png,"항공권 최대 15% 즉시할인, 행사기간, 2025.05.01 - 2025.05.31, 행사대상, KB국민카드 전회원(단, KB국민 기업,비씨 및 선불카드 제외), 행사내용, 마이리얼트립 홈페이지에서 항공권 결제 시 최대 15% 즉시할인*- 개별 항공권 전액 KB국민카드 결제 시 할인 적용되며, 여행상품에 포함된 항공권 및 단체 항공권등은 제외- 항공사별/노선별/기간별 할인율이 상이하며, 행사기간 중 대상 항공사 및 기타 할인 조건은 일부 변경될 수 있음- 항공권별 할인 관련 세부 내용은 항공권 상세페이지를 반드시 확인바랍니다.- 할인 항공운임 결제 여부는 마이리얼트립으로 문의바랍니다.(☎1670-8208), 마이리얼트립 홈페이지에서 항공권 결제 시 최대 15% 즉시할인*- 개별 항공권 전액 KB국민카드 결제 시 할인 적용되며, 여행상품에 포함된 항공권 및 단체 항공권등은 제외- 항공사별/노선별/기간별 할인율이 상이하며, 행사기간 중 대상 항공사 및 기타 할인 조건은 일부 변경될 수 있음- 항공권별 할인 관련 세부 내용은 항공권 상세페이지를 반드시 확인바랍니다.- 할인 항공운임 결제 여부는 마이리얼트립으로 문의바랍니다.(☎1670-8208), 마이리얼트립 홈페이지에서 항공권 결제 시 최대 15% 즉시할인, *- 개별 항공권 전액 KB국민카드 결제 시 할인 적용되며, 여행상품에 포함된 항공권 및 단체 항공권등은 제외- 항공사별/노선별/기간별 할인율이 상이하며, 행사기간 중 대상 항공사 및 기타 할인 조건은 일부 변경될 수 있음- 항공권별 할인 관련 세부 내용은 항공권 상세페이지를 반드시 확인바랍니다.- 할인 항공운임 결제 여부는 마이리얼트립으로 문의바랍니다.(☎1670-8208), 계약 체결 전 상품설명서와 약관을 확인하시기 바랍니다., ※ 상환능력에 비해 신용카드 사용액이 과도할 경우, 귀하의 개인신용평점이 하락할 수 있습니다., ※ 개인신용평점 하락 시 금융거래 관련 불이익이 발생할 수 있습니다., ※ 일정기간 원리금 연체 시, 모든 원리금 변제 의무가 발생할 수 있습니다., 신용카드 발급이 부적정한 경우(개인신용평점 낮음, 연체금 보유 등) 카드발급이 제한될 수 있습니다., 카드이용대금과 이에 수반되는 모든 수수료를 지정된 대금 결제일에 상환합니다., 금융소비자는 해당상품 또는 서비스에 대하여 설명을 받을 권리가 있으며, 그 설명을 듣고 충분히 이해한 후 거래하시기 바랍니다., ※ 본 행사는 KB국민카드의 영업 정책 및 제휴 업체의 사정으로 사전 공지 없이 변경 또는 중단 될 수 있습니다., 준법감시인 심의필 240912-04662-HPM",6796,2025-05-22 15:02:38.283386
28,하나투어 하나투어 항공,https://card.kbcard.com/BON/DVIEW/HBBMCXCRVNEC0002?mainCC=a&eventNum=6797,https://img1.kbcard.com/ST/img/cxc/event/logo/____240812_hanatour_Bnr__b.png,"해외 항공권 결제시 최대 10% 즉시할인, 행사기간, 2025.05.01 - 2025.05.31, 행사대상, KB국민카드 전회원(단, KB국민 기업,비씨 및 선불카드 제외), 행사내용, 하나투어 홈페이지>항공 메뉴에서 할인 대상 국제선 항공권 결제 시 최대 10% 즉시할인**항공권별 할인혜택은 하나투어 홈페이지 항공권별 각 상세페이지를 반드시 확인바랍니다., 하나투어 홈페이지>항공 메뉴에서 할인 대상 국제선 항공권 결제 시 최대 10% 즉시할인**항공권별 할인혜택은 하나투어 홈페이지 항공권별 각 상세페이지를 반드시 확인바랍니다., 하나투어 홈페이지>항공 메뉴에서 할인 대상 국제선 항공권 결제 시 최대 10% 즉시할인, **항공권별 할인혜택은 하나투어 홈페이지 항공권별 각 상세페이지를 반드시 확인바랍니다., 할인행사 항공사 BSP 가맹점 매입 분 대상 할인 적용되며, 하나투어 오프라인 대리점 구매 시 할인 불가, 하나투어 홈페이지에서 할인 적용된 항공운임 확인 후, 해당금액으로 최종 결제하는 즉시할인 형태 행사로, 결제 시 할인 적용된 항공운임 결제, 개별항공권 전액 KB국민카드 결제 시 할인 적용되며, 여행상품에 포함된 항공권 및 단체항공권 등은 제외, 항공사별/노선별/기간별 할인율이 상이하며, 행사기간 중 대상 항공사 및 기타 할인조건은 일부 변경 가능, 할인 항공운임 결제여부는 하나투어로 문의바랍니다. (☎1577-1233), 계약 체결 전 상품설명서와 약관을 확인하시기 바랍니다., ※ 상환능력에 비해 신용카드 사용액이 과도할 경우, 귀하의 개인신용평점이 하락할 수 있습니다, ※ 개인신용평점 하락 시 금융거래 관련 불이익이 발생할 수 있습니다., ※ 일정기간 원리금 연체 시, 모든 원리금 변제 의무가 발생할 수 있습니다., 신용카드 발급이 부적정한 경우(개인신용평점 낮음, 연체금 보유 등) 카드발급이 제한될 수 있습니다., 카드이용대금과 이에 수반되는 모든 수수료를 지정된 대금 결제일에 상환합니다., 금융소비자는 해당상품 또는 서비스에 대하여 설명을 받을 권리가 있으며, 그 설명을 듣고 충분히 이해한 후 거래하시기 바랍니다., 본 행사는 KB국민카드의 영업 정책 및 제휴 업체의 사정으로 사전 공지 없이 변경 또는 중단 될 수 있습니다., 준법감시인 심의필 240912-04660-HMH",6797,2025-05-22 15:02:38.734013
29,노랑풍선 항공 해외 항공권 할인,https://card.kbcard.com/BON/DVIEW/HBBMCXCRVNEC0002?mainCC=a&eventNum=6799,https://img1.kbcard.com/ST/img/cxc/event/logo/_ybtour_logo_240px.png,"해외 항공권 최대 15% 할인, 행사기간, 2025.05.01 - 2025.05.31, 행사대상, KB국민카드 전회원(단, KB국민 기업,비씨 및 선불카드 제외), 행사내용, 노랑풍선 홈페이지(PC/모바일웹/애플리케이션)에서 해외 항공권 결제 시 최대 15% 즉시할인 혜택 제공*- 즉시할인은 성인 요금 기준으로 적용(소아,유아 제외)- 유류할증료 및 각종 세금,발권대행 수수료는 할인 금액에서 제외- 항공사별/노선별/기간별 할인율이 상이하며, 행사기간 중 대상 항공사 및 기타 할인 조건 일부 변경될 수 있음- 항공권별 할인 관련 세부 내용은 항공권 상세페이지를 반드시 확인바랍니다.- 본 행사는 조기종료될 수 있음- 노랑풍선 고객센터_자유여행 상담(☎ 1644-3399), 노랑풍선 홈페이지(PC/모바일웹/애플리케이션)에서 해외 항공권 결제 시 최대 15% 즉시할인 혜택 제공*- 즉시할인은 성인 요금 기준으로 적용(소아,유아 제외)- 유류할증료 및 각종 세금,발권대행 수수료는 할인 금액에서 제외- 항공사별/노선별/기간별 할인율이 상이하며, 행사기간 중 대상 항공사 및 기타 할인 조건 일부 변경될 수 있음- 항공권별 할인 관련 세부 내용은 항공권 상세페이지를 반드시 확인바랍니다.- 본 행사는 조기종료될 수 있음- 노랑풍선 고객센터_자유여행 상담(☎ 1644-3399), 노랑풍선 홈페이지(PC/모바일웹/애플리케이션)에서 해외 항공권 결제 시 최대 15% 즉시할인 혜택 제공, *- 즉시할인은 성인 요금 기준으로 적용(소아,유아 제외)- 유류할증료 및 각종 세금,발권대행 수수료는 할인 금액에서 제외- 항공사별/노선별/기간별 할인율이 상이하며, 행사기간 중 대상 항공사 및 기타 할인 조건 일부 변경될 수 있음- 항공권별 할인 관련 세부 내용은 항공권 상세페이지를 반드시 확인바랍니다.- 본 행사는 조기종료될 수 있음- 노랑풍선 고객센터_자유여행 상담(☎ 1644-3399), 계약 체결 전 상품설명서와 약관을 확인하시기 바랍니다., ※ 상환능력에 비해 신용카드 사용액이 과도할 경우, 귀하의 개인신용평점이 하락할 수 있습니다., ※ 개인신용평점 하락 시 금융거래 관련 불이익이 발생할 수 있습니다., 신용카드 발급이 부적정한 경우(개인신용평점 낮음, 연체금 보유 등) 카드발급이 제한될 수 있습니다., 카드이용대금과 이에 수반되는 모든 수수료를 지정된 대금 결제일에 상환합니다., 금융소비자는 해당상품 또는 서비스에 대하여 설명을 받을 권리가 있으며, 그 설명을 듣고 충분히 이해한 후 거래하시기 바랍니다., ※ 본 행사는 KB국민카드의 영업 정책 및 제휴 업체의 사정으로 사전 공지 없이 변경 또는 중단 될 수 있습니다, 준법감시인 심의필 241106-05575-HPM",6799,2025-05-22 15:02:39.144431
30,NOL인터파크투어 해외숙소 9% 즉시할인,https://card.kbcard.com/BON/DVIEW/HBBMCXCRVNEC0002?mainCC=a&eventNum=6823,https://img1.kbcard.com/ST/img/cxc/event/logo/nolinterparktour(b).png,"해외숙소 최대 8만원 즉시할인 쿠폰제공, 행사기간, 2025.05.01 - 2025.05.31, 행사대상, KB국민카드 전회원(단, KB국민 기업,비씨 및 선불카드 제외), 행사내용, NOL인터파크투어에서 행사대상 해외숙소 20만원 이상 결제시 즉시 사용가능한 9% 할인쿠폰 제공*최대 8만원 할인, 할인횟수 제한 없음KB국민 개인신용카드로 전자상거래/전자상거래 PG 업종 건당 5만원 이상 결제시 2~5개월 무이자할부, 6/10개월 부분 무이자 할부※ 6개월 할부 결제시 4회차, 10개월 할부 결제시 6회차부터 할부수수료 면제*무이자할부 이용시 카드사 포인트 및 마일리지 적립 불가 및 일부 카드 상품별 전월이용실적 대상에서 제외, NOL인터파크투어에서 행사대상 해외숙소 20만원 이상 결제시 즉시 사용가능한 9% 할인쿠폰 제공*최대 8만원 할인, 할인횟수 제한 없음, NOL인터파크투어에서 행사대상 해외숙소 20만원 이상 결제시 즉시 사용가능한 9% 할인쿠폰 제공, *최대 8만원 할인, 할인횟수 제한 없음, KB국민 개인신용카드로 전자상거래/전자상거래 PG 업종 건당 5만원 이상 결제시 2~5개월 무이자할부, 6/10개월 부분 무이자 할부※ 6개월 할부 결제시 4회차, 10개월 할부 결제시 6회차부터 할부수수료 면제*무이자할부 이용시 카드사 포인트 및 마일리지 적립 불가 및 일부 카드 상품별 전월이용실적 대상에서 제외, KB국민 개인신용카드로 전자상거래/전자상거래 PG 업종 건당 5만원 이상 결제시 2~5개월 무이자할부, 6/10개월 부분 무이자 할부※ 6개월 할부 결제시 4회차, 10개월 할부 결제시 6회차부터 할부수수료 면제, *무이자할부 이용시 카드사 포인트 및 마일리지 적립 불가 및 일부 카드 상품별 전월이용실적 대상에서 제외, 할인쿠폰 사용 : NOL인터파크투어 해외숙소 혜택모음 페이지에서 쿠폰 다운로드 → 행사상품 결제시 쿠폰 사용, 결제취소 후 쿠폰 재사용 가능, 결제 상품 및 쿠폰 종류에 따라 중복 적용 불가할 수 있음, 계약을 체결하기 전에 상품설명서와 약관을 확인하시기 바랍니다., ※ 상환능력에 비해 신용카드 사용액이 과도할 경우, 귀하의 개인신용평점이 하락할 수 있습니다., ※ 개인신용평점 하락시 금융거래와 관련된 불이익이 발생할 수 있습니다., ※ 일정기간 원리금을 연체할 경우, 모든 원리금을 변제할 의무가 발생할 수 있습니다., 신용카드 발급이 부적정한 경우(개인신용평점 낮음, 연체금 보유 등) 카드발급이 제한될 수 있습니다., 카드이용대금과 이에 수반되는 모든 수수료를 지정된 대금 결제일에 상환합니다., 금융소비자는 금소법 제19조제1항에 따라 해당상품 또는 서비스에 대하여 설명을 받을 권리가 있으며, 그 설명을 듣고 내용을 충분히 이해한 후 거래하시기 바랍니다., 본 행사는 KB국민카드의 영업정책 및 제휴업체의 사정으로 변경 또는 중단될 수 있습니다., 문의처: KB국민카드 고객센터 ☎1588-1688 / NOL인터파크투어 고객센터 ☎1588-3443, 준법감시인 심의필 240705-03275-HPM",6823,2025-05-22 15:02:39.603104
31,NOL인터파크투어 해외항공권 최대 20% 할인,https://card.kbcard.com/BON/DVIEW/HBBMCXCRVNEC0002?mainCC=a&eventNum=6819,https://img1.kbcard.com/ST/img/cxc/event/logo/nolinterparktour(b).png,"해외항공권  최대 20% 즉시할인, 행사기간, 2025.05.01 - 2025.05.31, 행사대상, KB국민카드 전회원(단, KB국민 기업,비씨 및 선불카드 제외), 행사내용, NOL/NOL인터파크투어/트리플 할인대상 해외항공권 결제시 최대 20% 즉시할인KB국민 개인 신용카드로 항공사 업종 건당 5만원 이상 결제시 2~3개월 무이자할부, 6/10개월 부분 무이자 할부※ 6개월 할부 결제시 4회차부터 할부수수료 면제,  10개월 할부 결제시 6회차부터 할부수수료 면제*무이자할부 이용시 카드사 포인트 및 마일리지 적립 불가, 일부 카드상품 전월이용실적에서 제외될 수 있음, NOL/NOL인터파크투어/트리플 할인대상 해외항공권 결제시 최대 20% 즉시할인, NOL/NOL인터파크투어/트리플 할인대상 해외항공권 결제시 최대 20% 즉시할인, KB국민 개인 신용카드로 항공사 업종 건당 5만원 이상 결제시 2~3개월 무이자할부, 6/10개월 부분 무이자 할부※ 6개월 할부 결제시 4회차부터 할부수수료 면제,  10개월 할부 결제시 6회차부터 할부수수료 면제*무이자할부 이용시 카드사 포인트 및 마일리지 적립 불가, 일부 카드상품 전월이용실적에서 제외될 수 있음, KB국민 개인 신용카드로 항공사 업종 건당 5만원 이상 결제시 2~3개월 무이자할부, 6/10개월 부분 무이자 할부※ 6개월 할부 결제시 4회차부터 할부수수료 면제,  10개월 할부 결제시 6회차부터 할부수수료 면제, *무이자할부 이용시 카드사 포인트 및 마일리지 적립 불가, 일부 카드상품 전월이용실적에서 제외될 수 있음, 항공권 검색시 적용된 할인금액으로 혜택 반영, 항공권 발권시 발권대행 수수료 별도 부과, 유류할증료 및 각종 TAX, 일부 운임은 할인 대상에서 제외, 개별항공권 전액 KB국민카드 결제시 할인 적용, 여행상품에 포함된 항공권 및 단체항공권 등 제외, 장애/경로운임 및 국내항공권, 땡처리항공권은 할인 대상에서 제외, 항공사/노선/기간별 할인율 상이하며 행사기간 중 대상항공사 및 기타 할인조건  변경될 수 있음, 계약을 체결하기 전에 상품설명서와 약관을 확인하시기 바랍니다., ※ 상환능력에 비해 신용카드 사용액이 과도할 경우, 귀하의 개인신용평점이 하락할 수 있습니다., ※ 개인신용평점 하락시 금융거래와 관련된 불이익이 발생할 수 있습니다., ※ 일정기간 원리금을 연체할 경우, 모든 원리금을 변제할 의무가 발생할 수 있습니다., 신용카드 발급이 부적정한 경우(개인신용평점 낮음, 연체금 보유 등) 카드발급이 제한될 수 있습니다., 카드이용대금과 이에 수반되는 모든 수수료를 지정된 대금 결제일에 상환합니다., 금융소비자는 금소법 제19조제1항에 따라 해당상품 또는 서비스에 대하여 설명을 받을 권리가 있으며, 그 설명을 듣고 내용을 충분히 이해한 후 거래하시기 바랍니다., 본 행사는 KB국민카드의 영업정책 및 제휴업체의 사정으로 변경 또는 중단될 수 있습니다., 문의처: KB국민카드 고객센터 ☎1588-1688 / NOL인터파크투어 해외항공 고객센터 ☎02-3479-4399, 준법감시인 심의필 240705-03273-HPM",6819,2025-05-22 15:02:40.021362
32,내일투어 해외항공권 최대 19% 할인,https://card.kbcard.com/BON/DVIEW/HBBMCXCRVNEC0002?mainCC=a&eventNum=6821,https://img1.kbcard.com/ST/img/cxc/event/logo/250423_naeiltour_b.png,"해외항공권 1~19% 즉시할인, 행사기간, 2025.05.01 - 2025.05.31, 행사대상, KB국민카드 전회원(단, KB국민 기업,비씨 및 선불카드 제외), 행사내용, 내일투어 할인대상 해외항공권 결제시 1~19% 즉시할인*항공권 검색시 적용된 할인금액으로 혜택 반영, 항공권 발권시 발권대행 수수료 별도 부과KB국민 개인 신용카드로 항공사 업종 건당 5만원 이상 결제시 2~3개월 무이자할부, 6/10개월 부분 무이자 할부※ 6개월 할부 결제시 4회차부터 할부수수료 면제,  10개월 할부 결제시 6회차부터 할부수수료 면제*무이자할부 이용시 카드사 포인트 및 마일리지 적립 불가 및 일부 카드 상품별 전월이용실적 대상에서 제외, 내일투어 할인대상 해외항공권 결제시 1~19% 즉시할인*항공권 검색시 적용된 할인금액으로 혜택 반영, 항공권 발권시 발권대행 수수료 별도 부과, 내일투어 할인대상 해외항공권 결제시 1~19% 즉시할인, *항공권 검색시 적용된 할인금액으로 혜택 반영, 항공권 발권시 발권대행 수수료 별도 부과, KB국민 개인 신용카드로 항공사 업종 건당 5만원 이상 결제시 2~3개월 무이자할부, 6/10개월 부분 무이자 할부※ 6개월 할부 결제시 4회차부터 할부수수료 면제,  10개월 할부 결제시 6회차부터 할부수수료 면제*무이자할부 이용시 카드사 포인트 및 마일리지 적립 불가 및 일부 카드 상품별 전월이용실적 대상에서 제외, KB국민 개인 신용카드로 항공사 업종 건당 5만원 이상 결제시 2~3개월 무이자할부, 6/10개월 부분 무이자 할부※ 6개월 할부 결제시 4회차부터 할부수수료 면제,  10개월 할부 결제시 6회차부터 할부수수료 면제, *무이자할부 이용시 카드사 포인트 및 마일리지 적립 불가 및 일부 카드 상품별 전월이용실적 대상에서 제외, 개별항공권 전액 결제시 할인 적용, 여행상품에 포함된 항공권 및 단체항공권 제외, 유류할증료 및 각종 TAX, 일부 운임은 할인대상에서 제외, 항공사/노선/기간별 할인율 상이하며 행사기간 중 대상 항공ㅅ사 및 기타 할인조건 변경될 수 있음, 장애/경로운임 및 국내항공권, 땡처리 항공권은 할인대상에서 제외, 계약을 체결하기 전에 상품설명서와 약관을 확인하시기 바랍니다., ※ 상환능력에 비해 신용카드 사용액이 과도할 경우, 귀하의 개인신용평점이 하락할 수 있습니다., ※ 개인신용평점 하락시 금융거래와 관련된 불이익이 발생할 수 있습니다., ※ 일정기간 원리금을 연체할 경우, 모든 원리금을 변제할 의무가 발생할 수 있습니다., 신용카드 발급이 부적정한 경우(개인신용평점 낮음, 연체금 보유 등) 카드발급이 제한될 수 있습니다., 카드이용대금과 이에 수반되는 모든 수수료를 지정된 대금 결제일에 상환합니다., 금융소비자는 금소법 제19조제1항에 따라 해당상품 또는 서비스에 대하여 설명을 받을 권리가 있으며, 그 설명을 듣고 내용을 충분히 이해한 후 거래하시기 바랍니다., 본 행사는 KB국민카드의 영업정책 및 제휴업체의 사정으로 변경 또는 중단될 수 있습니다., 문의처: KB국민카드 고객센터 ☎1588-1688 / 내일투어 고객센터 ☎02-6262-5300, 준법감시인 심의필 250430-02145-HPM",6821,2025-05-22 15:02:40.465212
33,투어비스 해외항공권 최대 20% 할인,https://card.kbcard.com/BON/DVIEW/HBBMCXCRVNEC0002?mainCC=a&eventNum=6820,https://img1.kbcard.com/ST/img/cxc/event/logo/240702_tourvis_Bnr__b.png,"해외항공권 최대 20% 즉시할인, 행사기간, 2025.05.01 - 2025.05.31, 행사대상, KB국민카드 전회원(단, KB국민 기업,비씨 및 선불카드 제외), 행사내용, 투어비스/카이트 할인대상 해외항공권 결제시 최대 20% 즉시할인*개별항공권 전액 결제시 할인 적용, 여행상품에 포함된 항공권 및 단체항공권 제외KB국민 개인 신용카드로 항공사 업종 건당 5만원 이상 결제시 2~3개월 무이자할부, 6/10개월 부분 무이자 할부※ 6개월 할부 결제시 4회차부터 할부수수료 면제,  10개월 할부 결제시 6회차부터 할부수수료 면제*무이자할부 이용시 카드사 포인트 및 마일리지 적립 불가 및 일부 카드 상품별 전월이용실적 대상에서 제외, 투어비스/카이트 할인대상 해외항공권 결제시 최대 20% 즉시할인*개별항공권 전액 결제시 할인 적용, 여행상품에 포함된 항공권 및 단체항공권 제외, 투어비스/카이트 할인대상 해외항공권 결제시 최대 20% 즉시할인, *개별항공권 전액 결제시 할인 적용, 여행상품에 포함된 항공권 및 단체항공권 제외, KB국민 개인 신용카드로 항공사 업종 건당 5만원 이상 결제시 2~3개월 무이자할부, 6/10개월 부분 무이자 할부※ 6개월 할부 결제시 4회차부터 할부수수료 면제,  10개월 할부 결제시 6회차부터 할부수수료 면제*무이자할부 이용시 카드사 포인트 및 마일리지 적립 불가 및 일부 카드 상품별 전월이용실적 대상에서 제외, KB국민 개인 신용카드로 항공사 업종 건당 5만원 이상 결제시 2~3개월 무이자할부, 6/10개월 부분 무이자 할부※ 6개월 할부 결제시 4회차부터 할부수수료 면제,  10개월 할부 결제시 6회차부터 할부수수료 면제, *무이자할부 이용시 카드사 포인트 및 마일리지 적립 불가 및 일부 카드 상품별 전월이용실적 대상에서 제외, 청구일 할인이 아닌 즉시할인으로 항공권 검색시 할인 적용된 최종금액으로 확인, 항공사/노선/기간별 할인율 상이하며 행사기간 중 대상항공사 및 기타 할인조건 변경될 수 있음, 기업,비씨,선불카드 및 타사카드(카카오카드 등) 제외, 투어비스 자체 할인혜택과 중복 적용 불가, 장애, 경로 등 특수운임 및 일부 운임, 유소아 운임, 유류할증료, TAX, 국내항공권, 계약을 체결하기 전에 상품설명서와 약관을 확인하시기 바랍니다., ※ 상환능력에 비해 신용카드 사용액이 과도할 경우, 귀하의 개인신용평점이 하락할 수 있습니다., ※ 개인신용평점 하락시 금융거래와 관련된 불이익이 발생할 수 있습니다., ※ 일정기간 원리금을 연체할 경우, 모든 원리금을 변제할 의무가 발생할 수 있습니다., 신용카드 발급이 부적정한 경우(개인신용평점 낮음, 연체금 보유 등) 카드발급이 제한될 수 있습니다., 카드이용대금과 이에 수반되는 모든 수수료를 지정된 대금 결제일에 상환합니다., 금융소비자는 금소법 제19조제1항에 따라 해당상품 또는 서비스에 대하여 설명을 받을 권리가 있으며, 그 설명을 듣고 내용을 충분히 이해한 후 거래하시기 바랍니다., 본 행사는 KB국민카드의 영업정책 및 제휴업체의 사정으로 변경 또는 중단될 수 있습니다., 문의처: KB국민카드 고객센터 ☎1588-1688 / 투어비스 항공 고객센터 ☎1522-5149, 준법감시인 심의필 240705-03272-HPM",6820,2025-05-22 15:02:40.939883
34,GS25 버거/샌드위치 50%할인(금토일),https://card.kbcard.com/BON/DVIEW/HBBMCXCRVNEC0002?mainCC=a&eventNum=6834,https://img1.kbcard.com/ST/img/cxc/event/logo/250502_GS25_b.png,"햄버거/샌드위치 삼립 전상품 구매시 50% QR할인 (금토일 진행), 행사기간, 2025.04.25 - 2025.05.31, 행사대상, KB국민카드 전회원(단, KB국민 기업,비씨 및 선불카드 제외), 행사내용, GS25에서 햄버거/샌드위치 삼립 전상품 구매시 50% QR 할인행사(행사기간 중 매주 금,토,일에 진행)*- GS25 매장(오프라인) 현장 결제시 적용- 할인 QR코드 스캔 후 개인신용/체크카드로 결제시 적용- 1회 결제시 최대 10개 할인 가능- 예산 소진 시 조기 종료 가능, GS25에서 햄버거/샌드위치 삼립 전상품 구매시 50% QR 할인행사(행사기간 중 매주 금,토,일에 진행)*- GS25 매장(오프라인) 현장 결제시 적용- 할인 QR코드 스캔 후 개인신용/체크카드로 결제시 적용- 1회 결제시 최대 10개 할인 가능- 예산 소진 시 조기 종료 가능, GS25에서 햄버거/샌드위치 삼립 전상품 구매시 50% QR 할인행사(행사기간 중 매주 금,토,일에 진행), *- GS25 매장(오프라인) 현장 결제시 적용- 할인 QR코드 스캔 후 개인신용/체크카드로 결제시 적용- 1회 결제시 최대 10개 할인 가능- 예산 소진 시 조기 종료 가능, 타사 간편결제(네이버페이, 카카오페이, 토스, 페이코 등) 결제 시 할인 제외, 계약을 체결하기 전에 상품설명서와 약관을 확인하시기 바랍니다., ※상환능력에 비해 신용카드 사용액이 과도할 경우, 귀하의 개인신용평점이 하락할 수 있습니다., ※개인신용평점 하락시 금융거래와 관련된 불이익이 발생할 수 있습니다., ※일정기간 원리금을 연체할 경우, 모든 원리금을 변제할 의무가 발생할 수 있습니다., ※연체이자율(약정이율+최대 연3%)은 정상이자율(회원별,이용상품별)에 따라 차등적용되며, 법정최고금리(최대20%이내)를 초과하지 않습니다., 신용카드 발급이 부적정한 경우(개인신용평점 낮음, 연체금 보유 등) 카드발급이 제한될 수 있습니다., 카드이용대금과 이에 수반되는 모든 수수료를 지정된 대금 결제일에 상환합니다., 금융소비자는 금소법 제19조제1항에 따라 해당상품 또는 서비스에 대하여 설명을 받을 권리가 있으며, 그 설명을 듣고 내용을 충분히 이해한 후 거래하시기 바랍니다., 본 행사는 KB국민카드의 영업정책 및 제휴업체의 사정으로 변경 또는 중단될 수 있습니다., 문의 : GS25 고객센터 (☎1644-5425), 준법감시인 심의필 250307-01056-HMH",6834,2025-05-22 15:02:41.318215
35,홈앤쇼핑 7％ 즉시할인,https://card.kbcard.com/BON/DVIEW/HBBMCXCRVNEC0002?mainCC=a&eventNum=6836,https://img1.kbcard.com/ST/img/cxc/event/logo/_240_240.png,"7％ 즉시할인, 행사기간, 2025.05.23 - 2025.05.23, 행사대상, KB국민카드 전회원(단, KB국민 기업,비씨 및 선불카드 제외), 행사내용, - 홈앤쇼핑 PC/모바일에서 KB국민카드로 건당 5만원 이상 결제시 7% 즉시할인*할인한도는 1인 1일 이용금액 300만원까지 적용, 가족카드 이용분은 본인회원에 합산, - 홈앤쇼핑 PC/모바일에서 KB국민카드로 건당 5만원 이상 결제시 7% 즉시할인*할인한도는 1인 1일 이용금액 300만원까지 적용, 가족카드 이용분은 본인회원에 합산, - 홈앤쇼핑 PC/모바일에서 KB국민카드로 건당 5만원 이상 결제시 7% 즉시할인, *할인한도는 1인 1일 이용금액 300만원까지 적용, 가족카드 이용분은 본인회원에 합산, 상품 페이지에 즉시할인 표기된 상품에 한하여 할인 적용, KB Pay 외 간편결제(네이버페이, 카카오페이 등) 할인 불가, PC/모바일 결제 시에만 할인 적용, 상담원 또는 ARS 주문시에는 할인 적용 불가, *상환능력에 비해 신용카드 사용액이 과도할 경우, 귀하의 개인신용평점이 하락할 수 있습니다., *개인신용평점 하락시 금융거래와 관련된 불이익이 발생할 수 있습니다., *일정기간 원리금을 연체할 경우, 모든 원리금을 변제할 의무가 발생할 수 있습니다., 계약을 체결하기 전에 상품설명서와 약관을 확인하시기 바랍니다., 금융소비자는 금소법 제 19조 제 1항에 따라 해당상품 또는 서비스에 대하여 설명을 받을 권리가 있으며,그 설명을 듣고 내용을 충분히 이해한 후 거래하시기 바랍니다., 신용카드 발급이 부적정한 경우(개인신용평점 낮음, 연체금 보유 등) 카드발급이 제한될 수 있습니다., 카드이용대금과 이에 수반되는 모든 수수료를 지정된 대금 결제일에 상환합니다., 본 행사는 KB국민카드의 영업정책 및 제휴업체의 사정으로 변경 또는 중단될 수 있습니다., 문의 : 홈앤쇼핑 고객센터 ☎ 080-840-1111 / KB국민카드 고객센터 ☎ 1588-1688, 준법감시인 심의필 250203-00416-HPM",6836,2025-05-22 15:02:41.786231
36,현대백화점 삼성/LG전자 11.5% 상당 혜택,https://card.kbcard.com/BON/DVIEW/HBBMCXCRVNEC0002?mainCC=a&eventNum=6850,https://img1.kbcard.com/ST/img/cxc/event/logo/250120_HYUNDAI_b.png,"구매금액대별 11.5% 상당 상품권 증정 또는 H.Point 적립, 행사기간, 2025.05.23 - 2025.05.25, 행사대상, KB국민카드 전회원(단, KB국민 기업,비씨 및 선불카드 제외), 행사내용, 당일 삼성/LG전자 단일브랜드 3백만/5백만/1천만/1천5백만/2천만원 이상 구매시 34만5천/57만5천/115만/172만5천/230만원 백화점 상품권 또는 H.Point 적립*행사점 : 현대백화점 전점 (커넥트 현대, 아울렛 제외)KB국민 개인 신용카드로 현대백화점에서 건당 5만원 이상 결제시 2~5개월 무이자할부, 6/10개월 부분 무이자 할부※ 6개월 결제시 4회차부터 할부수수료 면제 (1~3회차 할부수수료 고객 부담)※ 10개월 결제시 6회차부터 할부수수료 면제 (1~5회차 할부수수료 고객 부담)*무이자할부 이용시 카드사 포인트 및 마일리지 적립 불가 및 일부 카드 상품별 전월이용실적 대상에서 제외, 당일 삼성/LG전자 단일브랜드 3백만/5백만/1천만/1천5백만/2천만원 이상 구매시 34만5천/57만5천/115만/172만5천/230만원 백화점 상품권 또는 H.Point 적립*행사점 : 현대백화점 전점 (커넥트 현대, 아울렛 제외), 당일 삼성/LG전자 단일브랜드 3백만/5백만/1천만/1천5백만/2천만원 이상 구매시 34만5천/57만5천/115만/172만5천/230만원 백화점 상품권 또는 H.Point 적립, *행사점 : 현대백화점 전점 (커넥트 현대, 아울렛 제외), KB국민 개인 신용카드로 현대백화점에서 건당 5만원 이상 결제시 2~5개월 무이자할부, 6/10개월 부분 무이자 할부※ 6개월 결제시 4회차부터 할부수수료 면제 (1~3회차 할부수수료 고객 부담)※ 10개월 결제시 6회차부터 할부수수료 면제 (1~5회차 할부수수료 고객 부담)*무이자할부 이용시 카드사 포인트 및 마일리지 적립 불가 및 일부 카드 상품별 전월이용실적 대상에서 제외, KB국민 개인 신용카드로 현대백화점에서 건당 5만원 이상 결제시 2~5개월 무이자할부, 6/10개월 부분 무이자 할부※ 6개월 결제시 4회차부터 할부수수료 면제 (1~3회차 할부수수료 고객 부담)※ 10개월 결제시 6회차부터 할부수수료 면제 (1~5회차 할부수수료 고객 부담), *무이자할부 이용시 카드사 포인트 및 마일리지 적립 불가 및 일부 카드 상품별 전월이용실적 대상에서 제외, 상품권 받는곳: 각 구매 점포 사은데스크, 일부 상품은 50% 인정 또는 적용 불가 (현대백화점의 사은행사 기준 적용, 해당품목 여부는 현장에서 확인 가능, 타 할인 및 사은행사와 중복 적용 불가 (영수증 1개당 1행사 참여 가능), 당일 영수증에 한해 합산 가능 (영수증 분할 및 구매 취소 시 합산불가, 점포별 합산불가) / 영수증 제시 필수, 계약을 체결하기 전에 상품설명서와 약관을 확인하시기 바랍니다., ※ 상환능력에 비해 신용카드 사용액이 과도할 경우, 귀하의 개인신용평점이 하락할 수 있습니다., ※ 개인신용평점 하락시 금융거래와 관련된 불이익이 발생할 수 있습니다., ※ 일정기간 원리금을 연체할 경우, 모든 원리금을 변제할 의무가 발생할 수 있습니다., 신용카드 발급이 부적정한 경우(개인신용평점 낮음, 연체금 보유 등) 카드발급이 제한될 수 있습니다., 카드이용대금과 이에 수반되는 모든 수수료를 지정된 대금 결제일에 상환합니다., 금융소비자는 금소법 제19조제1항에 따라 해당상품 또는 서비스에 대하여 설명을 받을 권리가 있으며, 그 설명을 듣고 내용을 충분히 이해한 후 거래하시기 바랍니다., 본 행사는 KB국민카드의 영업정책 및 제휴업체의 사정으로 변경 또는 중단될 수 있습니다., 문의처: KB국민카드 고객센터 ☎1588-1688 / 현대백화점 대표전화 ☎02-549-2233, 준법감시인 심의필 241014-05127-HPM",6850,2025-05-22 15:02:42.136299
37,GSSHOP 5％ 즉시할인,https://card.kbcard.com/BON/DVIEW/HBBMCXCRVNEC0002?mainCC=a&eventNum=6840,https://img1.kbcard.com/ST/img/cxc/event/logo/_shop_gsshop_b.png,"5％ 즉시할인, 행사기간, 2025.05.24 - 2025.05.24  (진행 예정), 행사대상, KB국민카드 전회원(단, KB국민 기업,비씨 및 선불카드 제외), 행사내용, GSSHOP PC/모바일에서 KB국민카드로 건당 5만원 이상 결제 시 5% 즉시할인*행사세부안내-할인한도는 1인 1일 이용금액 400만원까지 적용, 가족카드 이용분은 본인회원에 합산-상품 페이지에 즉시할인 표기된 상품에 한하여 할인 적용-간편결제(네이버페이, 카카오페이, 토스, 페이코 등) 할인 적용 불가하나 KB Pay 할인 적용 가능-PC/모바일 결제 시에만 할인 적용, 상담원 또는 ARS 주문시에는 할인 적용 불가-문의 : GSSHOP 고객센터 ☎ 1899-4500 / KB국민카드 고객센터 ☎ 1588-1688, GSSHOP PC/모바일에서 KB국민카드로 건당 5만원 이상 결제 시 5% 즉시할인*행사세부안내-할인한도는 1인 1일 이용금액 400만원까지 적용, 가족카드 이용분은 본인회원에 합산-상품 페이지에 즉시할인 표기된 상품에 한하여 할인 적용-간편결제(네이버페이, 카카오페이, 토스, 페이코 등) 할인 적용 불가하나 KB Pay 할인 적용 가능-PC/모바일 결제 시에만 할인 적용, 상담원 또는 ARS 주문시에는 할인 적용 불가-문의 : GSSHOP 고객센터 ☎ 1899-4500 / KB국민카드 고객센터 ☎ 1588-1688, GSSHOP PC/모바일에서 KB국민카드로 건당 5만원 이상 결제 시 5% 즉시할인, *행사세부안내-할인한도는 1인 1일 이용금액 400만원까지 적용, 가족카드 이용분은 본인회원에 합산-상품 페이지에 즉시할인 표기된 상품에 한하여 할인 적용-간편결제(네이버페이, 카카오페이, 토스, 페이코 등) 할인 적용 불가하나 KB Pay 할인 적용 가능-PC/모바일 결제 시에만 할인 적용, 상담원 또는 ARS 주문시에는 할인 적용 불가-문의 : GSSHOP 고객센터 ☎ 1899-4500 / KB국민카드 고객센터 ☎ 1588-1688, *상환능력에 비해 신용카드 사용액이 과도할 경우, 귀하의 개인신용평점이 하락할 수 있습니다., *개인신용평점 하락시 금융거래와 관련된 불이익이 발생할 수 있습니다., *일정기간 원리금을 연체할 경우, 모든 원리금을 변제할 의무가 발생할 수 있습니다., 계약을 체결하기 전에 상품설명서와 약관을 확인하시기 바랍니다., 금융소비자는 금소법 제 19조 제 1항에 따라 해당상품 또는 서비스에 대하여 설명을 받을 권리가 있으며,그 설명을 듣고 내용을 충분히 이해한 후 거래하시기 바랍니다., 신용카드 발급이 부적정한 경우(개인신용평점 낮음, 연체금 보유 등) 카드발급이 제한될 수 있습니다., 카드이용대금과 이에 수반되는 모든 수수료를 지정된 대금 결제일에 상환합니다., 본 행사는 KB국민카드의 영업정책 및 제휴업체의 사정으로 변경 또는 중단될 수 있습니다., 준법감시인 심의필 240612-02749-HPM",6840,2025-05-22 15:02:42.432457
38,현대홈쇼핑 5％ 즉시할인,https://card.kbcard.com/BON/DVIEW/HBBMCXCRVNEC0002?mainCC=a&eventNum=6815,https://img1.kbcard.com/ST/img/cxc/event/logo/_shop_hmall_b.png,"5％ 즉시할인, 행사기간, 2025.05.25 - 2025.05.25  (진행 예정), 행사대상, KB국민카드 전회원(단, KB국민 기업,비씨 및 선불카드 제외), 행사내용, - 현대홈쇼핑(Hmall) PC/모바일에서 KB국민카드로 건당 5만원 이상 결제 시 5% 즉시할인*할인한도는 1인 1일 이용금액 400만원까지 적용, 가족카드 이용분은 본인회원에 합산, - 현대홈쇼핑(Hmall) PC/모바일에서 KB국민카드로 건당 5만원 이상 결제 시 5% 즉시할인*할인한도는 1인 1일 이용금액 400만원까지 적용, 가족카드 이용분은 본인회원에 합산, - 현대홈쇼핑(Hmall) PC/모바일에서 KB국민카드로 건당 5만원 이상 결제 시 5% 즉시할인, *할인한도는 1인 1일 이용금액 400만원까지 적용, 가족카드 이용분은 본인회원에 합산, 상품 페이지에 즉시할인 표기된 상품에 한하여 할인 적용, KB Pay 외 간편결제(네이버페이, 카카오페이 등) 할인 불가, PC/모바일 결제 시에만 할인 적용, 상담원 또는 ARS 주문시에는 할인 적용 불가, *상환능력에 비해 신용카드 사용액이 과도할 경우, 귀하의 개인신용평점이 하락할 수 있습니다., *개인신용평점 하락시 금융거래와 관련된 불이익이 발생할 수 있습니다., *일정기간 원리금을 연체할 경우, 모든 원리금을 변제할 의무가 발생할 수 있습니다., 계약을 체결하기 전에 상품설명서와 약관을 확인하시기 바랍니다., 금융소비자는 금소법 제 19조 제 1항에 따라 해당상품 또는 서비스에 대하여 설명을 받을 권리가 있으며,그 설명을 듣고 내용을 충분히 이해한 후 거래하시기 바랍니다., 신용카드 발급이 부적정한 경우(개인신용평점 낮음, 연체금 보유 등) 카드발급이 제한될 수 있습니다., 카드이용대금과 이에 수반되는 모든 수수료를 지정된 대금 결제일에 상환합니다., 본 행사는 KB국민카드의 영업정책 및 제휴업체의 사정으로 변경 또는 중단될 수 있습니다., 문의 :  현대홈쇼핑 고객센터 ☎ 1600-0000 / KB국민카드 고객센터 ☎ 1588-1688, 준법감시인 심의필 250203-00416-HPM",6815,2025-05-22 15:02:42.776118
39,CJ온스타일 5％ 즉시할인,https://card.kbcard.com/BON/DVIEW/HBBMCXCRVNEC0002?mainCC=a&eventNum=6838,https://img1.kbcard.com/ST/img/cxc/event/logo/0427_cjonstyle_240x240.jpg,"5％ 즉시할인, 행사기간, 2025.05.27 - 2025.05.27  (진행 예정), 행사대상, KB국민카드 전회원(단, KB국민 기업,비씨 및 선불카드 제외), 행사내용, - CJ온스타일 PC/모바일에서 KB국민카드로 건당 5만원 이상 결제시 5% 즉시할인*할인한도는 1인 1일 이용금액 400만원까지 적용, 가족카드 이용분은 본인회원에 합산, - CJ온스타일 PC/모바일에서 KB국민카드로 건당 5만원 이상 결제시 5% 즉시할인*할인한도는 1인 1일 이용금액 400만원까지 적용, 가족카드 이용분은 본인회원에 합산, - CJ온스타일 PC/모바일에서 KB국민카드로 건당 5만원 이상 결제시 5% 즉시할인, *할인한도는 1인 1일 이용금액 400만원까지 적용, 가족카드 이용분은 본인회원에 합산, 상품 페이지에 즉시할인 표기된 상품에 한하여 할인 적용, CJ제휴카드 할인혜택과 중복 적용 불가, KB Pay 외 간편결제(네이버페이, 카카오페이 등) 할인 불가, PC/모바일 결제 시에만 할인 적용, 상담원 또는 ARS 주문시에는 할인 적용 불가, *상환능력에 비해 신용카드 사용액이 과도할 경우, 귀하의 개인신용평점이 하락할 수 있습니다., *개인신용평점 하락시 금융거래와 관련된 불이익이 발생할 수 있습니다., *일정기간 원리금을 연체할 경우, 모든 원리금을 변제할 의무가 발생할 수 있습니다., 계약을 체결하기 전에 상품설명서와 약관을 확인하시기 바랍니다., 금융소비자는 금소법 제 19조 제 1항에 따라 해당상품 또는 서비스에 대하여 설명을 받을 권리가 있으며,그 설명을 듣고 내용을 충분히 이해한 후 거래하시기 바랍니다., 신용카드 발급이 부적정한 경우(개인신용평점 낮음, 연체금 보유 등) 카드발급이 제한될 수 있습니다., 카드이용대금과 이에 수반되는 모든 수수료를 지정된 대금 결제일에 상환합니다., 본 행사는 KB국민카드의 영업정책 및 제휴업체의 사정으로 변경 또는 중단될 수 있습니다., 문의 :  CJ온스타일 고객센터 ☎ 1644-2525 / KB국민카드 고객센터 ☎ 1588-1688, 준법감시인 심의필 250203-00416-HPM",6838,2025-05-22 15:02:43.115998
40,CJ온스타일 5％ 즉시할인,https://card.kbcard.com/BON/DVIEW/HBBMCXCRVNEC0002?mainCC=a&eventNum=6811,https://img1.kbcard.com/ST/img/cxc/event/logo/0427_cjonstyle_240x240.jpg,"5％ 즉시할인, 행사기간, 2025.05.27 - 2025.05.27  (진행 예정), 행사대상, KB국민카드 전회원(단, KB국민 기업,비씨 및 선불카드 제외), 행사내용, - CJ온스타일 PC/모바일에서 KB국민카드로 건당 5만원 이상 결제시 5% 즉시할인*할인한도는 1인 1일 이용금액 400만원까지 적용, 가족카드 이용분은 본인회원에 합산, - CJ온스타일 PC/모바일에서 KB국민카드로 건당 5만원 이상 결제시 5% 즉시할인*할인한도는 1인 1일 이용금액 400만원까지 적용, 가족카드 이용분은 본인회원에 합산, - CJ온스타일 PC/모바일에서 KB국민카드로 건당 5만원 이상 결제시 5% 즉시할인, *할인한도는 1인 1일 이용금액 400만원까지 적용, 가족카드 이용분은 본인회원에 합산, 상품 페이지에 즉시할인 표기된 상품에 한하여 할인 적용, CJ제휴카드 할인혜택과 중복 적용 불가, KB Pay 외 간편결제(네이버페이, 카카오페이 등) 할인 불가, PC/모바일 결제 시에만 할인 적용, 상담원 또는 ARS 주문시에는 할인 적용 불가, *상환능력에 비해 신용카드 사용액이 과도할 경우, 귀하의 개인신용평점이 하락할 수 있습니다., *개인신용평점 하락시 금융거래와 관련된 불이익이 발생할 수 있습니다., *일정기간 원리금을 연체할 경우, 모든 원리금을 변제할 의무가 발생할 수 있습니다., 계약을 체결하기 전에 상품설명서와 약관을 확인하시기 바랍니다., 금융소비자는 금소법 제 19조 제 1항에 따라 해당상품 또는 서비스에 대하여 설명을 받을 권리가 있으며,그 설명을 듣고 내용을 충분히 이해한 후 거래하시기 바랍니다., 신용카드 발급이 부적정한 경우(개인신용평점 낮음, 연체금 보유 등) 카드발급이 제한될 수 있습니다., 카드이용대금과 이에 수반되는 모든 수수료를 지정된 대금 결제일에 상환합니다., 본 행사는 KB국민카드의 영업정책 및 제휴업체의 사정으로 변경 또는 중단될 수 있습니다., 문의 :  CJ온스타일 고객센터 ☎ 1644-2525 / KB국민카드 고객센터 ☎ 1588-1688, 준법감시인 심의필 250203-00416-HPM",6811,2025-05-22 15:02:43.586243
41,GSSHOP 7％ 즉시할인,https://card.kbcard.com/BON/DVIEW/HBBMCXCRVNEC0002?mainCC=a&eventNum=6839,https://img1.kbcard.com/ST/img/cxc/event/logo/_shop_gsshop_b.png,"7％ 즉시할인, 행사기간, 2025.05.29 - 2025.05.29  (진행 예정), 행사대상, KB국민카드 전회원(단, KB국민 기업,비씨 및 선불카드 제외), 행사내용, GSSHOP PC/모바일에서 KB국민카드로 건당 5만원 이상 결제 시 7% 즉시할인*행사세부안내-할인한도는 1인 1일 10만원까지 적용, 가족카드 이용분은 본인회원에 합산-상품 페이지에 즉시할인 표기된 상품에 한하여 할인 적용-간편결제(네이버페이, 카카오페이, 토스, 페이코 등) 할인 적용 불가하나 KB Pay 할인 적용 가능-PC/모바일 결제 시에만 할인 적용, 상담원 또는 ARS 주문시에는 할인 적용 불가-문의 : GSSHOP 고객센터 ☎ 1899-4500 / KB국민카드 고객센터 ☎ 1588-1688, GSSHOP PC/모바일에서 KB국민카드로 건당 5만원 이상 결제 시 7% 즉시할인*행사세부안내-할인한도는 1인 1일 10만원까지 적용, 가족카드 이용분은 본인회원에 합산-상품 페이지에 즉시할인 표기된 상품에 한하여 할인 적용-간편결제(네이버페이, 카카오페이, 토스, 페이코 등) 할인 적용 불가하나 KB Pay 할인 적용 가능-PC/모바일 결제 시에만 할인 적용, 상담원 또는 ARS 주문시에는 할인 적용 불가-문의 : GSSHOP 고객센터 ☎ 1899-4500 / KB국민카드 고객센터 ☎ 1588-1688, GSSHOP PC/모바일에서 KB국민카드로 건당 5만원 이상 결제 시 7% 즉시할인, *행사세부안내-할인한도는 1인 1일 10만원까지 적용, 가족카드 이용분은 본인회원에 합산-상품 페이지에 즉시할인 표기된 상품에 한하여 할인 적용-간편결제(네이버페이, 카카오페이, 토스, 페이코 등) 할인 적용 불가하나 KB Pay 할인 적용 가능-PC/모바일 결제 시에만 할인 적용, 상담원 또는 ARS 주문시에는 할인 적용 불가-문의 : GSSHOP 고객센터 ☎ 1899-4500 / KB국민카드 고객센터 ☎ 1588-1688, *상환능력에 비해 신용카드 사용액이 과도할 경우, 귀하의 개인신용평점이 하락할 수 있습니다., *개인신용평점 하락시 금융거래와 관련된 불이익이 발생할 수 있습니다., *일정기간 원리금을 연체할 경우, 모든 원리금을 변제할 의무가 발생할 수 있습니다., 계약을 체결하기 전에 상품설명서와 약관을 확인하시기 바랍니다., 금융소비자는 금소법 제 19조 제 1항에 따라 해당상품 또는 서비스에 대하여 설명을 받을 권리가 있으며,그 설명을 듣고 내용을 충분히 이해한 후 거래하시기 바랍니다., 신용카드 발급이 부적정한 경우(개인신용평점 낮음, 연체금 보유 등) 카드발급이 제한될 수 있습니다., 카드이용대금과 이에 수반되는 모든 수수료를 지정된 대금 결제일에 상환합니다., 본 행사는 KB국민카드의 영업정책 및 제휴업체의 사정으로 변경 또는 중단될 수 있습니다., 준법감시인 심의필 240612-02749-HPM",6839,2025-05-22 15:02:43.987006
42,현대홈쇼핑 5％ 즉시할인,https://card.kbcard.com/BON/DVIEW/HBBMCXCRVNEC0002?mainCC=a&eventNum=6814,https://img1.kbcard.com/ST/img/cxc/event/logo/_shop_hmall_b.png,"5％ 즉시할인, 행사기간, 2025.05.29 - 2025.05.29  (진행 예정), 행사대상, KB국민카드 전회원(단, KB국민 기업,비씨 및 선불카드 제외), 행사내용, - 현대홈쇼핑(Hmall) PC/모바일에서 KB국민카드로 건당 5만원 이상 결제 시 5% 즉시할인*할인한도는 1인 1일 이용금액 400만원까지 적용, 가족카드 이용분은 본인회원에 합산, - 현대홈쇼핑(Hmall) PC/모바일에서 KB국민카드로 건당 5만원 이상 결제 시 5% 즉시할인*할인한도는 1인 1일 이용금액 400만원까지 적용, 가족카드 이용분은 본인회원에 합산, - 현대홈쇼핑(Hmall) PC/모바일에서 KB국민카드로 건당 5만원 이상 결제 시 5% 즉시할인, *할인한도는 1인 1일 이용금액 400만원까지 적용, 가족카드 이용분은 본인회원에 합산, 상품 페이지에 즉시할인 표기된 상품에 한하여 할인 적용, KB Pay 외 간편결제(네이버페이, 카카오페이 등) 할인 불가, PC/모바일 결제 시에만 할인 적용, 상담원 또는 ARS 주문시에는 할인 적용 불가, *상환능력에 비해 신용카드 사용액이 과도할 경우, 귀하의 개인신용평점이 하락할 수 있습니다., *개인신용평점 하락시 금융거래와 관련된 불이익이 발생할 수 있습니다., *일정기간 원리금을 연체할 경우, 모든 원리금을 변제할 의무가 발생할 수 있습니다., 계약을 체결하기 전에 상품설명서와 약관을 확인하시기 바랍니다., 금융소비자는 금소법 제 19조 제 1항에 따라 해당상품 또는 서비스에 대하여 설명을 받을 권리가 있으며,그 설명을 듣고 내용을 충분히 이해한 후 거래하시기 바랍니다., 신용카드 발급이 부적정한 경우(개인신용평점 낮음, 연체금 보유 등) 카드발급이 제한될 수 있습니다., 카드이용대금과 이에 수반되는 모든 수수료를 지정된 대금 결제일에 상환합니다., 본 행사는 KB국민카드의 영업정책 및 제휴업체의 사정으로 변경 또는 중단될 수 있습니다., 문의 :  현대홈쇼핑 고객센터 ☎ 1600-0000 / KB국민카드 고객센터 ☎ 1588-1688, 준법감시인 심의필 250203-00416-HPM",6814,2025-05-22 15:02:44.314357
